level_0,index,Artists,Title
0,1306,Sam Feldt ,Post Malone
1,7333,Quality Control ,100 Racks (Offset feat. Playboi Carti)
2,17,Drake ,God's Plan
3,10277,Francis and the Lights ,May I Have This Dance (Remix)
4,5291,Future ,Trapped In The Sun
5,10606,Kiiara ,Intention
6,3830,Pentatonix ,Winter Wonderland / Don't Worry Be Happy
7,9080,H.E.R. ,I Can't Breathe
8,2711,Bo Burnham ,Look Who’s Inside Again
9,2069,Kendrick Lamar ,BLOOD.
10,8165,5 Seconds of Summer ,Permanent Vacation
11,7676,Giveon ,Lost Me
12,9619,Joey Bada$$ ,Make Me Feel
13,8781,N.E.R.D ,Don't Don't Do It!
14,4381,Halsey ,Still Learning
15,7437,Lil Wayne ,Get Outta My Head (ft. XXXTentacion)
16,3789,Stevie Wonder ,Superstition  Single Version
17,2013,Twenty One Pilots ,Level of Concern
18,6738,Big Sean ,Dark Sky (Skyscrapers)
19,10907,Destiny's Child ,Carol of the Bells a.k.a Opera of the Bells
20,1834,Daniel Caesar ,Get You
21,532,Ritt Momney ,Put Your Records On
22,3802,One Direction ,A.M.
23,7575,ScHoolboy Q ,Attention
24,9629,Lauv ,All 4 Nothing (I'm So In Love)
25,8211,$uicideboy$ ,All Dogs Go To Heaven
26,5918,Bing Crosby ,Adeste Fideles
27,10496,Carly Rae Jepsen ,Higher
28,9537,BTS ,Trivia 轉 : Seesaw
29,4648,James Arthur ,Rewrite The Stars
30,9348,Robyn ,Missing U
31,2389,Taylor Swift ,I Bet You Think About Me
32,9648,YoungBoy Never Broke Again ,Break Or Make Me
33,7674,G,Eazy  Down
34,9800,The Carters ,713
35,565,Sia ,Chandelier
36,6661,One Direction ,Spaces
37,3723,Taylor Swift ,Come Back...Be Here (Taylor's Version)
38,1324,Nicki Minaj ,Bed
39,997,Harry Styles ,Daylight
40,7216,Eminem ,Favorite Bitch
41,9215,Florence + The Machine ,Sky Full Of Song
42,337,The Weeknd ,I Feel It Coming
43,7167,Big Sean ,Friday Night Cypher
44,3218,Drake ,Madonna
45,6412,$uicideboy$ ,"No Matter Which Direction I'm Going In, I Never Chase These Hoes"
46,7187,Dustin Lynch ,Thinking 'Bout You
47,1708,Kanye West ,Ghost Town
48,5653,"Tyler, The Creator ",Droppin' Seeds
49,800,Ella Mai ,Trip
50,4396,Kendrick Lamar ,untitled 05 | 09.21.2014.
51,7394,Machine Gun Kelly ,sid & nancy
52,1510,Flo Rida ,"I Don't Like It, I Love It"
53,208,The Weeknd ,Can't Feel My Face
54,4181,YG ,FTP
55,6692,Afrojack ,SummerThing!
56,4345,Future ,CHICKENS
57,50,Khalid ,Young Dumb & Broke
58,488,Post Malone ,Ball For Me
59,3511,Drake ,Company
60,8140,Katy Perry ,California Gurls
61,8108,Nicki Minaj ,Best I Ever Had Remix
62,3482,A Boogie Wit da Hoodie ,Me and My Guitar
63,2662,Lil Uzi Vert ,Venetia
64,4200,Galantis ,Bones
65,6620,Trippie Redd ,Kid That Kidd
66,3410,Beyoncé ,SUMMER RENAISSANCE
67,9490,Nas ,The Pressure
68,8639,Agust D ,Strange
69,3305,M City JR ,Addicted to My Ex
70,3390,Miley Cyrus ,Angels Like You
71,2821,Luke Bryan ,"Huntin', Fishin' And Lovin' Every Day"
72,5977,Summer Walker ,Circus
73,7243,Young Thug ,Recognize Real
74,9694,Meat Loaf ,Bat Out of Hell
75,10755,Chris Stapleton ,Might As Well Get Stoned
76,5346,Lil Baby ,Perfect Timing
77,4372,Internet Money ,Lemonade (Feat. Roddy Ricch & Don Toliver) [Remix]
78,4984,Taylor Swift ,The Best Day (Taylor’s Version)
79,2035,BIA ,WHOLE LOTTA MONEY
80,9656,Florida Georgia Line ,Long Live
81,1744,Nevada ,The Mack
82,8876,Rod Wave ,Shock Da World
83,4489,iLoveMemphis ,"""Hit the Quan"" #HTQ"
84,10771,gnash ,I Hate U I Love U
85,5183,Ski Mask The Slump God ,Carbonated Water
86,81,Lil Tecca ,Ransom
87,5597,Chance the Rapper ,My Own Thing
88,2085,Drake ,Madiba Riddim
89,9139,Bon Iver ,00000 Million
90,6193,BLACKPINK ,DDUDU DDUDU
91,3378,Big Sean ,Living Single
92,7213,Polo G ,Start Up Again
93,6537,Fifth Harmony ,Write On Me
94,5806,Trippie Redd ,Leray
95,3003,Ed Sheeran ,The A Team
96,1490,Eminem ,Rap God
97,3184,Eli Young Band ,Love Ain't
98,10911,The Lumineers ,Stubborn Love
99,8196,Twenty One Pilots ,Hometown
100,8089,Carrie Underwood ,The Champion
101,10243,LANCO ,Born to Love You
102,7986,John Mellencamp ,Pink Houses
103,9304,Giveon ,Stuck On You
104,962,Ariana Grande ,pov
105,9941,Russ ,Voicemail
106,9717,Vicente Fernández ,Estos Celos
107,335,Bad Bunny ,MIA
108,5966,6LACK ,Unfair
109,8801,Madvillain ,Accordion
110,5647,Kendrick Lamar ,You Ain't Gotta Lie (Momma Said)
111,4892,The Weeknd ,The Hills  Remix
112,3500,Metro Boomin ,No More
113,4227,Guns N' Roses ,Sweet Child O' Mine
114,7124,The Neighbourhood ,R.I.P. 2 My Youth
115,3676,Taylor Swift ,This Love (Taylor’s Version)
116,6926,Linkin Park ,Bleed It Out
117,8061,2 Chainz ,Saturday Night
118,6698,G,Eazy  Sad Boy
119,1805,Ed Sheeran ,Happier
120,8529,Elton John ,Tiny Dancer
121,10204,R3HAB ,The Wave
122,8823,Offset ,54321
123,3953,Harry Styles ,Carolina
124,2103,Lizzo ,2 Be Loved (Am I Ready)
125,9050,The Lumineers ,Left For Denver
126,2698,Why Don't We ,I Don't Belong In This Club
127,1410,Billie Eilish ,TV
128,2922,Starley ,Call On Me  Ryan Riback Remix
129,6054,Future ,Too Comfortable
130,8698,Big Sean ,Full Circle
131,8295,The Beatles ,Something  Remastered 2009
132,8569,Polo G ,Heating Up
133,8796,Kehlani ,Footsteps
134,5379,Megan Thee Stallion ,Eat It
135,2588,Myke Towers ,Bandido
136,10429,Marc E. Bassy ,Morning
137,9787,Lil Tecca ,ABOUT YOU
138,1668,Labrinth ,Still Don't Know My Name
139,8948,Demi Lovato ,Ruin The Friendship
140,1033,Logic ,Keanu Reeves
141,2629,One Direction ,Infinity
142,2327,Kanye West ,All Falls Down
143,7636,Rick Ross ,Act a Fool
144,5859,Panic! At The Disco ,The Overpass
145,3730,Juice WRLD ,Juice WRLD Speaks From Heaven  Outro
146,1718,PARTYNEXTDOOR ,BELIEVE IT
147,631,6LACK ,PRBLMS
148,1868,ScHoolboy Q ,Floating
149,897,Eminem ,River
150,228,Mike Posner ,I Took A Pill In Ibiza  Seeb Remix
151,4903,Bruno Mars ,Chunky
152,8402,Gorillaz ,Submission
153,1830,Luke Christopher ,Lot to Learn
154,3882,Luke Bryan ,Most People Are Good
155,10731,Motörhead ,Ace Of Spades
156,3375,Lil Baby ,Heyy
157,5426,Banda MS de Sergio Lizárraga ,Qué Maldición
158,7284,Matthew Koma ,So F**kin' Romantic
159,2592,Lil Nas X ,SCOOP
160,6645,NAV ,Recap
161,804,The Weeknd ,In Your Eyes
162,1703,Taylor Swift ,I Forgot That You Existed
163,838,Cole Swindell ,She Had Me At Heads Carolina
164,755,Nardo Wick ,Who Want Smoke??
165,830,Quavo ,WORKIN ME
166,1354,J. Cole ,ATM
167,7264,Yeat ,Outsidë
168,2095,Drake ,4422
169,8319,Trippie Redd ,The Nether
170,6901,Summer Walker ,My Affection
171,9879,Sia ,Mountains
172,7227,XXXTENTACION ,School Shooters
173,4034,The Weeknd ,A Tale By Quincy
174,1117,Hotel Ugly ,Shut up My Moms Calling
175,1644,Kygo ,Born To Be Yours
176,83,Post Malone ,White Iverson
177,7012,One Direction ,Change Your Ticket
178,6761,Brett Eldredge ,Somethin' I'm Good At
179,9585,Thomas Rhett ,That Old Truck
180,9024,Lil Pump ,Fasho Fasho
181,4250,DaBaby ,XXL
182,4039,Panic! At The Disco ,Hallelujah
183,8492,Luke Combs ,Ain't Far From It
184,8661,Chance the Rapper ,Child of God
185,5740,KONGOS ,Come with Me Now
186,1713,Jason Derulo ,Tip Toe
187,3061,Kygo ,Like It Is
188,7137,Jhené Aiko ,One Way St.
189,1349,Bobby Shmurda ,Hot N*gga
190,6785,Nas ,Rare
191,9737,Run The Jewels ,pulling the pin
192,7029,21 Savage ,Special
193,2993,Zac Brown Band ,Loving You Easy
194,5656,A$AP Rocky ,CALLDROPS
195,3393,KIDS SEE GHOSTS ,Freeee (Ghost Town Pt. 2)
196,5009,Ozuna ,Unica
197,3697,Playboi Carti ,Slay3r
198,244,Dan + Shay ,"10,000 Hours"
199,2983,Lorde ,Homemade Dynamite
200,2228,Zedd ,Get Low
201,9872,The Neighbourhood ,Cry Baby
202,5137,Thomas Rhett ,Leave Right Now
203,9025,Migos ,Time For Me
204,5892,Lil Baby ,We Should
205,2614,6LACK ,Pretty Little Fears
206,4563,Halsey ,Eyes Closed
207,5292,Isaiah Rashad ,Headshots (4r Da Locals)
208,3097,Juice WRLD ,Sometimes
209,1461,Luis Fonsi ,Échame La Culpa
210,8755,Young Thug ,Yea Yea Yea
211,1979,Machine Gun Kelly ,Home
212,4252,Bankrol Hayden ,Costa Rica
213,9360,Pop Smoke ,Paranoia
214,8251,Young Stoner Life ,Came Out
215,10828,Ms. Lauryn Hill ,Doo Wop (That Thing)
216,163,Zedd ,The Middle
217,7965,Iggy Azalea ,Heavy Crown
218,810,NLE Choppa ,Shotta Flow (Feat. Blueface) [Remix]
219,4549,Khalid ,Motion
220,9819,Pop Smoke ,Invincible
221,3016,JACKBOYS ,GANG GANG
222,8945,Kacey Musgraves ,there is a light
223,7797,BTS ,Film out
224,8317,Jeezy ,American Dream
225,9939,Lil Baby ,Bruised Up
226,7449,BROCKHAMPTON ,THUG LIFE
227,9081,Offset ,Underrated
228,10663,The 1975 ,Nana
229,4055,Kanye West ,Facts (Charlie Heat Version)
230,2978,Ariana Grande ,R.E.M
231,4749,Lil Baby ,All In
232,8611,Future ,Blood On the Money
233,10582,Ciara ,"One, Two Step"
234,9051,Quavo ,Us vs. Them
235,5046,Glass Animals ,Tangerine
236,10927,John Mayer ,Who You Love
237,3437,lovelytheband ,broken
238,7297,Gunna ,life of sin
239,5109,Future ,Lookin Exotic
240,5644,Dua Lipa ,Cool
241,10386,Imagine Dragons ,Dream
242,780,Tay,K  The Race
243,6729,Dermot Kennedy ,Outnumbered
244,10357,Bee Gees ,Stayin' Alive  2007 Remastered Version Saturday Night Fever
245,9346,Denzel Curry ,Troubles [Feat. TPain]
246,6051,Oliver Tree ,Alien Boy
247,8460,Earl Sweatshirt ,The Mint
248,2054,6ix9ine ,KOODA
249,9511,YoungBoy Never Broke Again ,Seeming Like It
250,8279,Ryan Adams ,Style
251,10556,The Beatles ,Ticket To Ride  Remastered
252,6855,Calvin Harris ,We Found Love
253,10200,Seaside Resort ,Seaside Resort
254,1131,girl in red ,we fell in love in october
255,6737,Young Stoner Life ,That Go!
256,9273,Joey Bada$$ ,The Baddest
257,4896,OneRepublic ,Love Runs Out
258,10660,Alabama Shakes ,Sound & Color
259,10592,Ying Yang Twins ,Get Low
260,5841,Big Sean ,Why Would I Stop?
261,4680,Quavo ,LAMB TALK
262,4693,My Chemical Romance ,The Foundations of Decay
263,3442,Lil Wayne ,Open Safe
264,2101,Lil Baby ,Drip Too Hard
265,6263,Gorillaz ,Let Me Out
266,8014,Lil Peep ,U Said
267,3295,Mac Miller ,Come Back to Earth
268,483,Jeremih ,oui
269,4083,Migos ,Emoji A Chain
270,8399,Playboi Carti ,Pull Up
271,4754,Future ,VOODOO
272,5705,Rod Wave ,Break My Heart
273,7189,Twenty One Pilots ,Never Take It
274,5568,Childish Gambino ,Have Some Love
275,5527,Trippie Redd ,Wicked
276,7981,Galantis ,Gold Dust
277,2981,Gunna ,One Call
278,2654,Katy Perry ,Roar
279,648,Ellie Goulding ,Love Me Like You Do
280,7831,Bo Burnham ,Problematic
281,2688,Big Shaq ,Man's Not Hot
282,5420,Daryl Hall & John Oates ,Rich Girl
283,3681,Jax Jones ,Breathe
284,6893,Playboi Carti ,Punk Monk
285,10262,Miley Cyrus ,Bad Mood
286,314,Don Toliver ,After Party
287,8301,Herve Pagez ,Spicy  with Diplo & Charli XCX
288,5752,Meek Mill ,On the Regular
289,10631,Eric Clapton ,Riding With The King
290,4412,Taylor Swift ,That’s When
291,6285,Polo G ,First Place
292,114,KYLE ,iSpy
293,8703,LANY ,heart won't let me
294,8224,Taylor Swift ,I Knew You Were Trouble.
295,7991,Joji ,worldstar money (interlude)
296,379,Lil Nas X ,Old Town Road
297,4747,Trippie Redd ,Loyalty Before Royalty
298,3884,Bruce Springsteen ,Born in the U.S.A.
299,6804,Bryson Tiller ,Timeless Interlude
300,383,DaBaby ,VIBEZ
301,4218,Big Sean ,Bigger Than Me
302,5369,Chance the Rapper ,I Got You (Always and Forever)
303,4847,Lorde ,Supercut
304,4873,$uicideboy$ ,Escape From BABYLON
305,3845,Rick Ross ,Trap Trap Trap
306,8764,King Von ,War
307,1007,Pitbull ,Time of Our Lives
308,8043,Drake ,Marvins Room
309,7656,Lil Wayne ,Sights And Silencers (ft. The Dream)
310,1464,A Boogie Wit da Hoodie ,Demons and Angels
311,2811,Nico & Vinz ,That's How You Know
312,6015,ScHoolboy Q ,Gang Gang
313,6991,Eminem ,Phenomenal
314,4222,Luke Combs ,Lovin' On You
315,991,Tai Verdes ,AOK
316,6036,Drake ,Girls Love Beyoncé
317,1244,A Boogie Wit da Hoodie ,Numbers
318,5045,Eminem ,Chloraseptic
319,5234,Metro Boomin ,Only 1 (Interlude)
320,10396,Chuck Berry ,Johnny B. Goode
321,615,Drake ,Know Yourself
322,4536,The Weeknd ,Phantom Regret by Jim
323,4688,Imagine Dragons ,Follow You
324,2221,The Chainsmokers ,Hope
325,7185,Future ,Afterlife
326,9427,Denzel Curry ,WISH Feat. Kiddo Marv
327,1005,X Ambassadors ,Renegades
328,10039,Louis The Child ,So What
329,9284,NAV ,Overdose
330,8987,Halsey ,Darling
331,428,Måneskin ,Beggin'
332,3989,21 Savage ,Mad Stalkers
333,2783,XXXTENTACION ,$$$  with Matt Ox
334,2778,Daddy Yankee ,X ÚLTIMA VEZ
335,7337,Mac Miller ,Programs
336,1596,Juice WRLD ,Cigarettes
337,3346,Rihanna ,Consideration
338,336,Hailee Steinfeld ,Let Me Go
339,1543,Nirvana ,Smells Like Teen Spirit
340,8042,Miley Cyrus ,Bad Karma
341,9639,Morgan Wallen ,Up Down (Feat. Florida Georgia Line)
342,7897,Nicki Minaj ,Four Door Aventador
343,8491,YUNGBLUD ,original me
344,2184,Ariana Grande ,MONOPOLY
345,2633,Taylor Swift ,Call It What You Want
346,8792,Lady Gaga ,Come To Mama
347,7889,Lady Gaga ,I'll Never Love Again  Film Version
348,9161,Bastille ,Joy
349,3531,Fitz and The Tantrums ,Out of My League
350,2691,Ariana Grande ,Be Alright
351,3368,Twenty One Pilots ,Chlorine
352,7304,Young Thug ,Guwop
353,5049,Future ,PIE
354,8676,The Lumineers ,BIG SHOT
355,2708,Drake ,Plastic Bag
356,7145,The Chicks ,Gaslighter
357,5163,Saweetie ,Back to the Streets
358,5698,Chris Brown ,Fine By Me
359,4784,Rich The Kid ,Lost It
360,5473,Coldplay ,Everglow
361,7375,Wiz Khalifa ,Penthouse
362,2279,Metro Boomin ,Raindrops (Insane) [with Travis Scott]
363,1028,Milky Chance ,Stolen Dance
364,8394,Brent Faiyaz ,SKIT: WAKE UP CALL
365,7780,Luke Combs ,South On Ya
366,6508,Summer Walker ,Closure
367,7717,Young Thug ,Scoliosis
368,8455,MEDUZA ,Tell It To My Heart
369,8244,Pop Smoke ,Spoiled
370,3110,Drake ,Star67
371,9354,Oliver Tree ,Jerk
372,907,Alec Benjamin ,Let Me Down Slowly
373,8997,Ty Dolla $ign ,Track 6
374,1612,Drake ,TSU
375,2050,Leah Kate ,10 Things I Hate About You
376,7097,Anderson .Paak ,6 Summers
377,6390,G,Eazy  Everything Will Be OK
378,6326,Future ,Bought A Bad Bitch
379,118,Khalid ,Better
380,6260,Lorde ,Secrets from a Girl (Who's Seen it All)
381,2497,XXXTENTACION ,I don’t even speak spanish lol
382,7273,Alicia Keys ,So Done
383,2383,J. Cole ,For Whom The Bell Tolls
384,498,Pooh Shiesty ,Back In Blood
385,288,Lil Nas X ,THATS WHAT I WANT
386,4415,Meek Mill ,Stay Woke
387,10353,Stargate ,Waterfall
388,458,Justin Bieber ,Holy
389,9382,Lovejoy ,You'll Understand When You're Older
390,7040,Future ,I Don’t Wanna Break Up
391,2769,CKay ,love nwantiti
392,3257,Pop Smoke ,Gangstas
393,8345,Aminé ,Shimmy
394,6050,BTS ,Interlude : Shadow
395,10235,Soundgarden ,Outshined
396,1561,Lil Baby ,Right On
397,5125,Lil Baby ,Frozen
398,3584,G,Eazy  Moana
399,7998,fun. ,Some Nights
400,6249,Shakira ,She Wolf
401,6613,J Balvin ,ODIO
402,316,Calvin Harris ,Slide
403,4623,JID ,Dance Now
404,9181,Anderson .Paak ,CUT EM IN
405,5547,Gunna ,private island
406,8242,Van Halen ,Ain't Talkin' 'Bout Love  2015 Remaster
407,7159,Mike WiLL Made,It  The Mantra
408,9763,XXXTENTACION ,H2O
409,8593,BROCKHAMPTON ,CHAIN ON
410,7867,Bo Burnham ,White Woman’s Instagram
411,8480,Avicii ,You Be Love
412,6272,Seeb ,Drink About
413,3014,Justin Bieber ,Get Used To It
414,4861,Playboi Carti ,R.I.P.
415,9882,Nas ,Death Row East
416,5449,Kodak Black ,Identity Theft
417,6955,Pusha T ,Let The Smokers Shine The Coupes
418,1248,Gunna ,P power
419,3188,Beyoncé ,COZY
420,7675,DRAM ,Gilligan
421,6046,Ella Fitzgerald ,I've Got My Love To Keep Me Warm
422,8058,Future ,Shotgun
423,8391,RM ,Closer
424,5418,Playboi Carti ,Rockstar Made
425,3761,Ariana Grande ,better off
426,7490,Gunna ,missing me
427,3267,"Tyler, The Creator ",WHAT'S GOOD
428,9823,Linkin Park ,From The Inside
429,9701,Lil Peep ,hellboy
430,5956,DJ Khaled ,IT AIN'T SAFE
431,7369,Kansas ,Carry on Wayward Son
432,1493,Rema ,Calm Down
433,7946,Olly Murs ,Kiss Me
434,10901,The Proclaimers ,I'm Gonna Be (500 Miles)
435,7623,Fiona Apple ,Fetch The Bolt Cutters
436,7816,Fall Out Boy ,Novocaine
437,1293,Foo Fighters ,Everlong
438,5937,Future ,HiTek Tek
439,8607,Kehlani ,Altar
440,2718,The Weeknd ,Alone Again
441,2277,Ellie Goulding ,Sixteen
442,5051,Lil Yachty ,SaintLaurentYSL
443,7924,The Beatles ,Yellow Submarine  Remastered
444,1715,Kid Ink ,Be Real
445,1856,Luke Combs ,One Number Away
446,8204,Audien ,Something Better
447,8445,Gucci Mane ,Just Like It
448,6152,Melanie Martinez ,Lunchbox Friends
449,3512,Justin Bieber ,All In It
450,5397,Denzel Curry ,CLOUT COBAIN | CLOUT CO13A1N
451,7144,Mitski ,Stay Soft
452,5387,Young Thug ,Ecstasy
453,5903,Future ,Feds Did a Sweep
454,3965,David Guetta ,Bad
455,8408,M.O ,Who Do You Think Of?
456,4964,Metro Boomin ,Only You
457,9958,Red Hot Chili Peppers ,Californication
458,8533,NAV ,Coast To Coast
459,10147,Linkin Park ,Don't Stay
460,2594,A$AP Rocky ,L$D
461,3411,Bailey Zimmerman ,Where It Ends
462,937,Harry Styles ,Sign of the Times
463,6682,j,hope  Arson
464,9742,Young Thug ,Icy Hot
465,9976,Anderson .Paak ,Reachin' 2 Much
466,8729,No Rome ,Spinning
467,8104,Selena Gomez ,Survivors
468,10685,A Tribe Called Quest ,Award Tour
469,221,Fifth Harmony ,Work from Home
470,1152,Post Malone ,Zack And Codeine
471,2128,Khalid ,Suncity
472,8938,ZAYN ,BLUE
473,93,DaBaby ,BOP
474,2293,Jax ,Victoria’s Secret
475,3877,Lil Nas X ,ONE OF ME
476,3200,Drake ,Calling My Name
477,9395,Normani ,Fair
478,6150,Sean Kingston ,Eenie Meenie
479,8405,Tiësto ,Hot In It
480,6590,Nat King Cole ,O Little Town Of Bethlehem
481,9384,Avicii ,Peace Of Mind
482,3963,Big Sean ,All Your Fault
483,8688,2 Chainz ,"I'm Not Crazy, Life Is"
484,10123,Halsey ,Alone (Feat. Big Sean & Stefflon Don)
485,7171,Trans,Siberian Orchestra  Christmas Canon
486,3535,ROSÉ ,On The Ground
487,3148,KYLE ,Hey Julie!
488,8100,Pop Smoke ,8Ball
489,4863,Chance the Rapper ,Slide Around
490,7587,Future ,Keep Quiet
491,10269,Taylor Swift ,Love Story  US Album Version
492,2127,Carpenters ,Sleigh Ride
493,2879,Fall Out Boy ,The Last Of The Real Ones
494,10759,Zedd ,Transmission
495,10785,Gwen Stefani ,Hollaback Girl
496,3633,Beyoncé ,Flawless Remix
497,4112,Chris Brown ,Liquor
498,275,Justin Bieber ,Ghost
499,6812,David Bowie ,Blackstar
500,8725,Chelsea Cutler ,Sad Tonight
501,4041,Pop Smoke ,Demeanor
502,10917,Leighton Meester ,Run Away
503,2640,ILLENIUM ,Good Things Fall Apart
504,1915,Wiz Khalifa ,Fr Fr
505,6164,Drake ,Draft Day
506,1107,Rod Wave ,Rags2Riches
507,8803,Roddy Ricch ,don’t i
508,4257,Eminem ,Gnat
509,8440,Panic! At The Disco ,Viva Las Vengeance
510,5116,21 Savage ,Darth Vader
511,514,$uicideboy$ ,"...And to Those I Love, Thanks for Sticking Around"
512,10294,Life of Dillon ,Sex for Breakfast
513,2826,Takeoff ,Casper
514,10773,Easton Corbin ,Baby Be My Love Song
515,7919,Bazzi ,3:15
516,7647,Meat Loaf ,Paradise By the Dashboard Light
517,9347,DaBaby ,Brother’s Keeper
518,6822,BTS ,Born Singer
519,8563,LANY ,dancing in the kitchen
520,2020,Avicii ,Without You
521,2930,Diplo ,Welcome to the Party
522,6850,DaBaby ,HIT
523,3,J. Cole ,No Role Modelz
524,8314,French Montana ,Twisted
525,2957,Wiz Khalifa ,Ass Drop
526,10654,Andy Williams ,The Christmas Song (Chestnuts Roasting On an Open Fire)
527,2507,R. Kelly ,Ignition  Remix
528,2083,Future ,Rent Money
529,6123,David Bowie ,Heroes  1999 Remastered Version
530,9198,Clean Bandit ,Higher
531,4036,Juice WRLD ,Go Hard
532,7613,BTS ,Stay Gold
533,8728,Bazzi ,Crazy
534,128,Juice WRLD ,Armed And Dangerous
535,397,Polo G ,21
536,9956,NLE Choppa ,Bryson
537,7257,Fall Out Boy ,American Beauty/American Psycho
538,661,Taylor Swift ,Midnight Rain
539,2736,Vince Guaraldi Trio ,Linus And Lucy
540,9807,Charles Perry ,Stranger To Love
541,9851,SAINt JHN ,Smack DVD
542,6139,ZAYN ,dRuNk
543,416,Juice WRLD ,Legends
544,7858,ZAYN ,SHE DON'T LOVE ME
545,1030,A$AP Rocky ,F**kin' Problems
546,1466,Beach Bunny ,Cloud 9
547,9387,Rex Orange County ,Never Had The Balls
548,7455,Katie Gregson,MacLeod  complex (demo)
549,290,Lil Uzi Vert ,Sanguine Paradise
550,8645,Alec Benjamin ,Oh My God
551,6300,Kendrick Lamar ,untitled 06 | 06.30.2014.
552,3425,Lil Wayne ,Let It All Work Out
553,10742,Leona Lewis ,Fire Under My Feet
554,4127,Future ,Stripes Like Burberry
555,5669,Bad Bunny ,BENDICIONES
556,1434,Adele ,When We Were Young
557,4198,Kid Cudi ,Lovin’ Me
558,6891,ScHoolboy Q ,By Any Means
559,1670,Imagine Dragons ,Demons
560,7183,Rod Wave ,Gone Till November
561,1807,Thomas Rhett ,Look What God Gave Her
562,7014,A Boogie Wit da Hoodie ,Hit 'Em Up
563,7242,Martin Solveig ,Intoxicated
564,10504,Mumford & Sons ,Wona
565,7348,Big Sean ,Respect It
566,3777,Mariah Carey ,All I Want For Christmas Is You  Original Version
567,10703,PSY ,DADDY ft. CL of 2NE1
568,10230,A$AP Mob ,FYBR (First Year Being Rich)
569,6184,Mumford & Sons ,Just Smoke
570,9026,J Balvin ,Cuando Tú Quieras
571,5054,Migos ,Crown the Kings
572,9945,Queen Naija ,Karma
573,6130,DJ Khaled ,On Everything
574,7580,The Wombats ,Greek Tragedy
575,8538,Ski Mask The Slump God ,Ya!
576,10208,Stevie Nicks ,Edge of Seventeen  2016 Remaster
577,3237,A$AP Rocky ,Electric Body
578,5244,Calvin Harris ,Faking It
579,9792,Nick Jonas ,Right Now
580,9433,Foo Fighters ,Making A Fire
581,9857,Miley Cyrus ,Edge of Midnight (Midnight Sky Remix)
582,5196,BTS ,We are Bulletproof : the Eternal
583,5252,Mac Miller ,Here We Go
584,4384,Morgan Wallen ,Silverado For Sale
585,4296,Logic ,Grandpa's Space Ship
586,7994,Logic ,Deeper Than Money
587,6621,Sasha Alex Sloan ,when was it over?
588,9165,Clairo ,Softly
589,6029,Nicki Minaj ,Hard White
590,2459,Liam Payne ,Familiar
591,2108,Drake ,Jorja Interlude
592,4113,Halsey ,Ghost
593,5250,DJ Jazzy Jeff & The Fresh Prince ,A Nightmare on My Street
594,3778,Beyoncé ,MOOD 4 EVA
595,2428,Møme ,Aloha
596,2657,Nicki Minaj ,Familia
597,9698,Fall Out Boy ,Stay Frosty Royal Milk Tea
598,10478,Empire of the Sun ,High And Low
599,10732,Mac Miller ,Doors
600,10007,Peter J. Wilhousky ,Carol of the Bells  Voice
601,7302,Lil Wayne ,Wild Dogs
602,7221,Logic ,Innermission
603,9495,Tee Grizzley ,Lions & Eagles
604,9635,Wrabel ,11 Blocks
605,5142,Post Malone ,Waiting For A Miracle
606,7276,Selena Gomez ,Fun
607,5358,Joji ,Mr. Hollywood
608,8899,The Beatles ,Something  Remastered
609,2227,SZA ,Ghost in the Machine
610,6707,Lil Baby ,My Jeans (Lil Baby & Gunna feat. Young Thug)
611,8067,BTS ,Skit
612,1141,Avicii ,SOS
613,8247,2 Chainz ,Threat 2 Society
614,8222,Big Sean ,Everything That's Missing
615,5455,DJ Khaled ,Do You Mind
616,10796,B.B. King ,Hummingbird
617,7277,Dierks Bentley ,"Woman, Amen"
618,10487,Sam Smith ,Good Thing
619,6783,Playboi Carti ,Meh
620,8769,blackbear ,i feel bad
621,7188,Calvin Harris ,Holiday
622,10338,A$AP Ferg ,Trap And A Dream
623,3970,Kanye West ,I Love Kanye
624,4813,Logic ,The Jam
625,5092,Lil Peep ,Benz Truck  гелик
626,329,Doja Cat ,You Right
627,10029,Sech ,La Luz
628,2143,Judy Garland ,"Have Yourself A Merry Little Christmas  ""Meet Me In St. Louis"" Original Cast Recording"
629,8110,2 Chainz ,Riverdale Rd
630,9528,Bring Me The Horizon ,Obey
631,7028,The Kid LAROI ,Fade Away
632,8463,Beck ,Cycle
633,2513,SZA ,Gone Girl
634,10699,Selena Gomez ,Rise
635,9274,Lil Pump ,Whitney
636,6214,21 Savage ,Whole Lot
637,1554,Billie Eilish ,Lost Cause
638,6110,Miley Cyrus ,Night Crawling
639,1693,Roddy Ricch ,Peta
640,7694,Kesha ,Let 'Em Talk
641,9147,Netsky ,I Don’t Even Know You Anymore
642,5461,Kings of Leon ,Waste A Moment
643,2366,Bebe Rexha ,No Broken Hearts
644,3465,HARDY ,"One Beer (HARDY feat. Lauren Alaina, Devin Dawson)"
645,3748,Pharrell Williams ,Down In Atlanta
646,4487,Harry Styles ,Two Ghosts
647,6622,Juice WRLD ,Juice WRLD Speaks
648,702,The Chainsmokers ,All We Know
649,6022,Russ ,GUESS WHAT
650,2039,The Weeknd ,Out of Time
651,4855,The 1975 ,Somebody Else
652,7056,Devin Dawson ,Christmas Time Is Here  Recorded at Sound Emporium Nashville
653,10879,Dillon Francis ,Love in the Middle of a Firefight
654,8600,A$AP ANT ,The God Hour
655,5511,A Tribe Called Quest ,The Space Program
656,10934,Train ,Angel in Blue Jeans
657,1605,Nat King Cole ,Deck The Hall
658,82,Sheck Wes ,Mo Bamba
659,9406,One Direction ,You & I
660,9788,Mac Miller ,Wedding
661,10659,Birdy ,Keeping Your Head Up  Don Diablo Remix; Radio Edit
662,1698,Lewis Capaldi ,Bruises
663,9920,Missing Seoul ,Love Is So Sweet
664,4350,YG ,HANDGUN
665,1011,Burl Ives ,Rudolph The RedNosed Reindeer
666,181,6ix9ine ,FEFE
667,5406,Lana Del Rey ,Groupie Love
668,8842,Lil Pump ,Smoke My Dope
669,6175,Future ,200
670,5293,Quavo ,To The Bone
671,9083,6ix9ine ,TUTU
672,3140,Michael Bublé ,Jingle Bells
673,10767,Nirvana ,Lithium
674,5640,Future ,Outta Time
675,3109,21 Savage ,1.5
676,2701,SZA ,Smoking on my Ex Pack
677,1870,SZA ,Blind
678,1031,Gene Autry ,Here Comes Santa Claus (Right Down Santa Claus Lane)
679,4866,Justin Bieber ,The Christmas Song (Chestnuts Roasting On An Open Fire)
680,1609,John Mayer ,New Light
681,5416,Mitski ,Working for the Knife
682,1140,Mac Miller ,Good News
683,3624,Swae Lee ,Someone Said
684,7913,DJ Khaled ,I Can't Even Lie
685,10019,blackbear ,top priority
686,6999,6ix9ine ,LOCKED UP PT. 2
687,217,Justin Bieber ,What Do You Mean?
688,8915,ILLENIUM ,Heavenly Side
689,2593,DJ Khaled ,How Many Times
690,1631,Halsey ,Nightmare
691,5616,N.W.A. ,Fuck Tha Police
692,6254,Nas ,White Label
693,9126,Wiz Khalifa ,Rain
694,3678,XXXTENTACION ,Floor 555
695,9302,Young Thug ,Droppin Jewels
696,9855,P!nk ,All I Know So Far
697,3839,DJ Khaled ,LET IT GO
698,491,Eminem ,Lucky You
699,7452,DJ ESCO ,Xotic
700,9160,BROCKHAMPTON ,SAN MARCOS
701,9179,Meek Mill ,Cold Hearted II
702,3805,Future ,Sorry
703,2575,Shordie Shordie ,Bitchuary
704,29,The Kid LAROI ,Stay
705,6625,Ski Mask The Slump God ,Adults Swim
706,298,Olivia Rodrigo ,favorite crime
707,5492,Lil Tjay ,Go In
708,1359,Bad Bunny ,Andrea
709,1167,Bailey Zimmerman ,Fall In Love
710,799,2 Chainz ,4 AM
711,10650,Radiohead ,Daydreaming
712,5758,Bryson Tiller ,Inhale
713,10775,Muse ,Mercy
714,10681,Justin Bieber ,Sorry  Latino Remix
715,10552,Galantis ,Make Me Feel
716,9180,BROCKHAMPTON ,GINGER
717,8268,Jack Harlow ,21C/Delta
718,9426,G,Eazy  Power
719,1711,Ambjaay ,Uno
720,8544,Ryan Adams ,Out of the Woods
721,2148,Cardi B ,Press
722,4660,Ozuna ,Del Mar
723,6406,G,Eazy  What If
724,5676,G,Eazy  Of All Things
725,8364,Keyliu ,Life Is a Puzzle Solve It
726,10340,A Boogie Wit da Hoodie ,No Promises
727,7584,Lil Peep ,IDGAF
728,2991,Kanye West ,24
729,8572,One Direction ,Kiss You
730,438,Miguel ,Sky Walker
731,6069,Young Thug ,Climax
732,123,The Chainsmokers ,Don't Let Me Down
733,1998,Ella Fitzgerald ,Sleigh Ride
734,9781,OneRepublic ,Wild Life
735,8850,Rick Ross ,Sorry
736,6426,Imagine Dragons ,I’ll Make It Up To You
737,7814,NF ,Hate Myself
738,7554,Trippie Redd ,Emani Interlude
739,6836,Prince ,Stare
740,4130,Chris Jedi ,Ahora Dice
741,2959,SZA ,Too Late
742,6018,Young Thug ,Gangster Shit
743,1000,Omar Apollo ,Evergreen
744,1294,The Weeknd ,Sidewalks
745,7090,Usher ,Yeah!
746,10619,Britney Spears ,Clumsy
747,1920,Ne,Yo  She Knows
748,3923,Offset ,How Did I Get Here
749,3414,Rosa Walton ,I Really Want to Stay at Your House
750,6247,Gucci Mane ,Big Booty
751,7801,Zach Bryan ,Summertime Blues
752,1927,Deorro ,Five More Hours  Deorro x Chris Brown
753,4969,Megan Thee Stallion ,Diamonds
754,7172,Miley Cyrus ,Party Up The Street
755,6573,Lil Yachty ,Harley
756,10296,Taylor Swift ,Welcome To New York
757,4862,Logic ,Mama/Show Love
758,1772,Taylor Swift ,Paris
759,1917,Rihanna ,Sex With Me
760,353,Carolina Gaitán ,La Gaita  We Don't Talk About Bruno
761,3649,Twenty One Pilots ,Morph
762,5399,Twenty One Pilots ,Bandito
763,7234,Young Dolph ,100 Shots
764,9224,LANY ,ex i never had
765,8978,Lizzo ,The Sign
766,324,Pop Smoke ,Dior
767,206,Jack Harlow ,First Class
768,2028,Migos ,Need It
769,8181,blackbear ,anxiety
770,5593,Summer Walker ,Constant Bullshit
771,2804,Calvin Harris ,Over Now
772,3662,Lana Del Rey ,Summer Bummer
773,199,21 Savage ,a lot
774,9892,WAVYVIBE ,Miser
775,2367,The Game ,Eazy
776,4895,Pusha T ,Santeria
777,4959,Pop Smoke ,Coupe
778,5585,BLACKPINK ,Love To Hate Me
779,3775,Sam Hunt ,Kinfolks
780,10352,Redbone ,Come and Get Your Love  Single Edit
781,4092,DJ Khaled ,BIG TIME
782,2164,Polo G ,Be Something
783,8930,Myke Towers ,Oh Na Na
784,8988,LANY ,you!
785,5919,Moneybagg Yo ,Switches & Dracs
786,6085,Lizzo ,Grrrls
787,8557,TOOL ,Culling Voices
788,8709,Chance the Rapper ,Zanies and Fools
789,6474,Meek Mill ,Offended
790,6455,Megan Thee Stallion ,Freaky Girls
791,6688,Arctic Monkeys ,Four Out Of Five
792,6650,Playboi Carti ,JumpOutTheHouse
793,2180,Black Eyed Peas ,MAMACITA
794,1653,Ariana Grande ,ghostin
795,10445,Hozier ,Better Love
796,104,DaBaby ,Suge
797,7017,Fall Out Boy ,HOLD ME TIGHT OR DON’T
798,4643,DJ Khaled ,Jealous
799,5904,Future ,Damage
800,4231,Young Stoner Life ,Proud of You
801,2217,TV Girl ,Lovers Rock
802,9030,Tory Lanez ,Pa Mi
803,2541,Dreezy ,Body
804,10268,Taylor Swift ,Out Of The Woods
805,9525,6LACK ,That Far
806,6433,Nas ,Adam and Eve
807,1086,Taylor Swift ,Mastermind
808,3206,Bing Crosby ,The Little Drummer Boy
809,4613,Lil Baby ,Grace
810,1954,Trippie Redd ,Rich MF
811,705,Thomas Rhett ,Die A Happy Man
812,230,Ariana Grande ,no tears left to cry
813,3144,James Newton Howard ,The Hanging Tree
814,10306,Trouble ,Come Thru
815,6284,Halsey ,Drive
816,5001,BTS ,Dream Glow (BTS World Original Soundtrack)  Pt. 1
817,3733,Peter Manos ,In My Head
818,5724,The Jackson 5 ,I Want You Back
819,4392,Lady Gaga ,AYO
820,8390,Avicii ,You Make Me
821,1610,Shakira ,Chantaje
822,3225,Ariana Grande ,pete davidson
823,1079,Kid Cudi ,Mr. Rager
824,1390,G,Eazy  Calm Down
825,10494,The Rolling Stones ,(I Can't Get No) Satisfaction  Mono Version / Remastered 2002
826,10126,Bebe Rexha ,Ferrari
827,1846,Justin Bieber ,As I Am
828,6699,Lady Gaga ,Dancin' In Circles
829,815,Polo G ,Go Stupid
830,1803,Drake ,Papi’s Home
831,8613,Mac Miller ,Knock Knock
832,6522,Halsey ,clementine
833,7409,Brent Faiyaz ,ANGEL
834,735,Lil Uzi Vert ,Futsal Shuffle 2020
835,7262,XXXTENTACION ,Touch Eem Body
836,4672,Joji ,Tick Tock
837,3491,Logic ,State Of Emergency
838,6367,Young Thug ,Day Before
839,2417,Travis Scott ,HOUSTONFORNICATION
840,2713,Camila Cabello ,Easy
841,4914,Jack Harlow ,Like A Blade Of Grass
842,1738,Taylor Swift ,Shake It Off
843,6829,Ariana Grande ,Thinking Bout You
844,2923,Ed Sheeran ,Nancy Mulligan
845,1367,Drake ,No Friends In The Industry
846,4423,BTS ,UGH!
847,10661,Maroon 5 ,Unkiss Me
848,1866,Bad Bunny ,TE MUDASTE
849,2374,Lil Wayne ,"I Do It (ft. Big Sean, Lil Baby)"
850,4521,Logic ,100 Miles and Running (ft. Wale & John Lindahl)
851,344,Nat King Cole ,The Christmas Song (Merry Christmas To You)
852,4326,Melanie Martinez ,Show & Tell
853,3296,Marshmello ,OK Not To Be OK
854,5815,Kendrick Lamar ,Mortal Man
855,987,YFN Lucci ,Everyday We Lit
856,1050,Taylor Swift ,Don’t Blame Me
857,8185,Bon Iver ,Naeem
858,821,Lil Uzi Vert ,Just Wanna Rock
859,920,Hailee Steinfeld ,Most Girls
860,8733,Marshmello ,Baggin'
861,10103,6ix9ine ,MOOKY
862,7135,Ed Sheeran ,Tides
863,859,Taylor Swift ,exile
864,9151,Dominic Fike ,Vampire
865,784,Meghan Trainor ,All About That Bass
866,6153,Nicki Minaj ,I Lied
867,7971,Sam Smith ,Not In That Way
868,136,The Weeknd ,Die For You
869,7147,Sage The Gemini ,Good Thing
870,1776,The Kid LAROI ,Not Sober
871,9769,DJ Khaled ,I CAN HAVE IT ALL
872,10453,The Barden Bellas ,World Championship Finale 2
873,7549,YoungBoy Never Broke Again ,Smoke Strong
874,616,French Montana ,No Stylist
875,5972,Priory ,Weekend
876,2903,Pitbull ,Timber
877,1828,Wale ,MY PYT
878,9192,Eslabon Armado ,LO QUE QUIERAS
879,7465,J Balvin ,Azul
880,3908,J. Cole ,Album of the Year  Freestyle
881,7084,ZAYN ,BoRdErSz
882,7435,Tory Lanez ,10 F*CKS
883,9932,Takeoff ,Bruce Wayne  Outro
884,8249,Jack Harlow ,Rendezvous
885,8856,Swedish House Mafia ,Heaven Takes You Home
886,7876,Meek Mill ,Hot
887,1985,Juice WRLD ,Burn
888,3251,Lana Del Rey ,Lust for Life
889,378,Bruno Mars ,24K Magic
890,5545,Polo G ,Broken Guitars
891,24,Juice WRLD ,Robbery
892,6325,Shawn Mendes ,Don't Be A Fool
893,8416,Trippie Redd ,Dreamer
894,10474,Madden ,Alive
895,3219,Nat King Cole Trio ,All I Want For Christmas (Is My Two Front Teeth)  Remastered
896,3701,Young Thug ,High
897,10854,Jarryd James ,Do You Remember
898,9808,NAV ,With Me
899,9579,Beyoncé ,BIGGER
900,1581,2 Chainz ,Watch Out
901,9308,Rod Wave ,The Greatest
902,5148,Destiny's Child ,"Bills, Bills, Bills"
903,78,Drake ,Wants and Needs
904,6828,Summer Walker ,Over It
905,6923,BTS ,For Youth
906,6560,Beyoncé ,Sandcastles
907,10417,Michael Bublé ,Nobody But Me
908,1418,Internet Money ,His & Hers
909,2638,Adele ,I Drink Wine
910,5080,blink,182  EDGING
911,9391,Mac Miller ,Pranks 4 Players
912,4757,Lil Uzi Vert ,How To Talk
913,2974,Gunna ,WUNNA
914,5189,Jonathan Groff ,Lost in the Woods
915,725,Timeflies ,Once In a While
916,7943,Joey Bada$$ ,FOR MY PEOPLE
917,10571,Justin Timberlake ,Rock Your Body
918,6234,The 1975 ,Oh Caroline
919,7010,NF ,WHY
920,2249,Kendrick Lamar ,Count Me Out
921,6736,Michael Bublé ,Santa Baby
922,3433,J. Cole ,everybody dies
923,10008,Brett Young ,Lady
924,6493,NF ,DRIFTING
925,3116,Big Sean ,Pull Up N Wreck (With Metro Boomin)
926,10845,"Tyler, The Creator ",SMUCKERS
927,3504,Post Malone ,Reputation
928,8397,MØ ,Drum
929,10844,Joshua Hyslop ,Silent Night
930,7483,Rod Wave ,Forever
931,10365,Nelly ,Country Grammar (Hot Shit)
932,1214,Tiësto ,The Motto
933,5198,Polo G ,Heart of a Giant
934,2758,"Tyler, The Creator ",LEMONHEAD
935,6216,Run The Jewels ,yankee and the brave (ep. 4)
936,7990,Jaudy ,Gatalo To
937,6242,ScHoolboy Q ,Tales
938,8957,Roddy Ricch ,Moonwalkin
939,1730,Zara Larsson ,Ain't My Fault
940,5869,Future ,I Serve the Base
941,6338,Kehlani ,Everybody Business
942,1130,Tove Lo ,Habits (Stay High)
943,8076,Ashe ,Till Forever Falls Apart
944,7786,Lainey Wilson ,Heart Like A Truck
945,5384,YoungBoy Never Broke Again ,One Shot
946,4604,Pentatonix ,Amazing Grace (My Chains Are Gone)
947,10110,Travis Scott ,Piss On Your Grave
948,7381,Gunna ,I'M ON SOME
949,7514,Quavo ,GO ALL THE WAY
950,5628,Kid Cudi ,Do What I Want
951,7046,Black Eyed Peas ,I Gotta Feeling
952,98,Pop Smoke ,For The Night
953,8653,Giveon ,All To Me
954,8897,TWENTY88 ,Time In
955,1654,Taylor Swift ,my tears ricochet
956,5227,Ed Sheeran ,2step
957,4048,Travis Scott ,3500
958,1156,Roddy Ricch ,Late At Night
959,7870,a,ha  Take on Me
960,5204,Lil Wayne ,Mama Mia
961,4615,Future ,High Demand
962,10558,"Artists Of Then, Now & Forever ",Forever Country
963,9586,Nick Jonas ,Remember I Told You
964,7769,The Strokes ,Selfless
965,1817,Miley Cyrus ,Mother's Daughter
966,10187,Ryan Adams ,I Wish You Would
967,7928,Bruce Springsteen ,Glory Days
968,3582,Young Thug ,Millions
969,2444,siouxxie sixxsta ,masquerade
970,2839,Jason Derulo ,Wiggle
971,8264,Mac Miller ,Dunno  Recorded at Spotify Studios NYC
972,9917,Wiz Khalifa ,King
973,8990,Avicii ,Talk To Myself
974,10603,R3HAB ,Care (Ft. Madi)
975,148,Trevor Daniel ,Falling
976,1908,Carpenters ,Merry Christmas Darling  Remix
977,7655,Logic ,My Way
978,5614,Kendrick Lamar ,untitled 08 09.06.2014.
979,8745,David Bowie ,Girl Loves Me
980,7768,Tory Lanez ,The Trade
981,4191,One Direction ,I Want to Write You a Song
982,10462,Bobby McFerrin ,Don't Worry Be Happy
983,6651,Alabama Shakes ,Don't Wanna Fight
984,2223,Drake ,Jaded
985,5948,Wizkid ,Essence
986,63,Marshmello ,Happier
987,7875,Glass Animals ,Dreamland
988,2847,Drake ,Views
989,2737,Kendrick Lamar ,untitled 02 | 06.23.2014.
990,9517,Quinn XCII ,U & Us
991,4691,Pusha T ,Infrared
992,6435,Alicia Keys ,In Common
993,4037,Logic ,Everybody Dies
994,5164,J. Cole ,St. Tropez
995,5162,Belly ,"Belly, The Weeknd  Die For It (ft. Nas)"
996,3921,Diplo ,Wish
997,1629,J. Cole ,Apparently
998,3313,XXXTENTACION ,Orlando
999,3064,Jorja Smith ,I Am
1000,6335,Logic ,5 Hooks
1001,4779,Metro Boomin ,10AM/Save The World
1002,8887,Tyga ,FREAK
1003,2135,Lilly Wood and The Prick ,Prayer in C  Robin Schulz Radio Edit
1004,9285,ScHoolboy Q ,Groovy Tony / Eddie Kane
1005,2351,Ziv Zaifman ,A Million Dreams
1006,6261,No Name No Fame ,Swervin' In My Lane
1007,1372,Ariana Grande ,bloodline
1008,4631,6LACK ,East Atlanta Love Letter
1009,10131,Nebu Kiniza ,Can't Deny
1010,1201,Kanye West ,Off The Grid
1011,3767,Metro Boomin ,All The Money
1012,5241,Hoodie Allen ,All About It
1013,4581,Bo Burnham ,Content
1014,4758,Tiësto ,Secrets
1015,2663,Takeoff ,Last Memory
1016,4221,Pop Smoke ,Yea Yea
1017,6876,Roddy Ricch ,hibachi
1018,7191,Kehlani ,Hate The Club
1019,7441,Jack Harlow ,Already Best Friends
1020,5151,Logic ,Mos Definitely
1021,9003,Juice WRLD ,Long Gone
1022,7059,Tori Kelly ,Let It Snow
1023,798,Nicki Minaj ,Only
1024,7806,Otis Redding ,(Sittin' On) the Dock of the Bay
1025,5155,Taylor Swift ,Forever & Always (Piano Version) (Taylor’s Version)
1026,7742,SZA ,Miles
1027,5878,JIN ,The Astronaut
1028,5484,"Tyler, The Creator ",Pothole
1029,6172,ScHoolboy Q ,Lies
1030,8993,Marshmello ,You & Me
1031,5618,Lady A ,Bartender
1032,10725,Jason Derulo ,Broke
1033,9655,Joey Bada$$ ,No Explanation
1034,6842,Whitney Houston ,I Wanna Dance with Somebody (Who Loves Me)
1035,5622,David Guetta ,Dirty Sexy Money
1036,5173,Ed Sheeran ,I'm a Mess
1037,9271,Logic ,Studio Ambience At Night: Malibu
1038,10640,Stevie Wonder ,Silver Bells
1039,3558,Lil Wayne ,Took His Time
1040,4859,The Chainsmokers ,Honest
1041,10575,The Beatles ,Sgt. Pepper's Lonely Hearts Club Band  Remastered
1042,6358,iann dior ,let you
1043,4858,6LACK ,Know My Rights
1044,5975,Ariana Grande ,Moonlight
1045,805,Kodak Black ,Transportin'
1046,2269,Drake ,I'm The Plug
1047,10122,The Killers ,Run For Cover
1048,10857,Foo Fighters ,The Feast and The Famine
1049,7240,Koe Wetzel ,Cabo
1050,4875,Kacey Musgraves ,Glittery
1051,10719,Ty Dolla $ign ,LA
1052,5187,BTS ,Friends
1053,6045,YoungBoy Never Broke Again ,Thug Of Spades
1054,8941,Vince Guaraldi Trio ,Greensleeves
1055,8537,Zedd ,Make You Say
1056,7718,Future ,Maybach
1057,2603,Ed Sheeran ,How Would You Feel (Paean)
1058,7115,Selena Gomez ,De Una Vez
1059,2392,Lil Uzi Vert ,Bean (Kobe)
1060,6733,Kygo ,Undeniable
1061,9825,ODESZA ,Loyal
1062,6869,Mumford & Sons ,Ditmas
1063,10304,Destiny's Child ,8 Days of Christmas  Live
1064,2278,BTS ,FAKE LOVE
1065,6789,Lil Skies ,Ok 4 Now
1066,7860,Fall Out Boy ,Church
1067,7205,Rae Sremmurd ,Up In My Cocina
1068,23,Olivia Rodrigo ,good 4 u
1069,4782,A$AP Rocky ,Buck Shots
1070,5344,Joyner Lucas ,Will
1071,386,NEIKED ,Better Days (NEIKED x Mae Muller x Polo G)
1072,520,Taylor Swift ,All Too Well (10 Minute Version) (Taylor's Version) (From The Vault)
1073,6581,Lil Uzi Vert ,CIGARETTE
1074,9614,PARTYNEXTDOOR ,EYE ON IT
1075,262,Lil Nas X ,Panini
1076,1375,2 Chainz ,Bigger Than You
1077,6583,Zendaya ,Something New
1078,1647,Pedro Capó ,Calma  Remix
1079,5905,The Beatles ,Come Together  Remastered 2009
1080,9446,BROCKHAMPTON ,I'LL TAKE YOU ON
1081,5572,Gucci Mane ,Waybach
1082,3719,Lil Wayne ,Mess
1083,792,Lil Tecca ,Did It Again
1084,2695,Major Lazer ,Powerful
1085,4292,Kid Cudi ,Sept. 16
1086,8704,Morgan Wallen ,This Side Of A Dust Cloud  Bonus
1087,4364,Future ,Use Me
1088,6331,Vince Guaraldi Trio ,What Child Is This
1089,10477,Pierce The Veil ,Circles
1090,2136,Polo G ,No Return
1091,2753,Ellie Goulding ,Still Falling For You
1092,9268,Lil Yachty ,Top Down
1093,4172,Eminem ,Untouchable
1094,4272,YoungBoy Never Broke Again ,Carter Son
1095,10261,Dexys Midnight Runners ,Come On Eileen
1096,5110,21 Savage ,Intro
1097,8269,Solange ,Dreams
1098,10942,Mike WiLL Made,It  23
1099,1053,Justin Timberlake ,Say Something
1100,8451,AJR ,The DJ Is Crying For Help
1101,2232,Joji ,Sanctuary
1102,919,Social House ,Magic In The Hamptons
1103,10169,Thomas Rhett ,When You Look Like That
1104,8493,Post Malone ,Too Young
1105,9396,Slipknot ,Nero Forte
1106,8790,Bring Me The Horizon ,medicine
1107,6886,Lil Baby ,Double Down
1108,3971,Cordae ,RNP
1109,8205,Third Eye Blind ,SemiCharmed Life
1110,1314,Kendrick Lamar ,PRIDE.
1111,167,XXXTENTACION ,Look At Me!
1112,7143,A Boogie Wit da Hoodie ,Another Day Gone
1113,10829,B.B. King ,Ain't Nobody Home
1114,9466,Sia ,Heaven Can Wait
1115,2613,J. Cole ,Once an Addict  Interlude
1116,9870,Joji ,I'LL SEE YOU IN 40
1117,2152,Trippie Redd ,Matt Hardy 999
1118,7142,Wisin ,Fiel  Remix
1119,111,Imagine Dragons ,Believer
1120,8550,The White Stripes ,Seven Nation Army
1121,1503,One Direction ,Steal My Girl
1122,10870,Purity Ring ,bodyache
1123,1029,Echosmith ,Cool Kids
1124,10127,Joey Bada$$ ,SUPER PREDATOR
1125,5222,Jack Harlow ,Parent Trap
1126,9997,Nic D ,Fine Apple
1127,8435,Kacey Musgraves ,hookup scene
1128,4004,Peggy Lee ,The Christmas Waltz
1129,8879,YoungBoy Never Broke Again ,I'm Up
1130,2757,The Chainsmokers ,Side Effects
1131,3060,Kanye West ,Wolves
1132,9154,Playboi Carti ,FlatBed Freestyle
1133,3968,Morgan Wallen ,Days That End In Why
1134,4394,Joji ,1AM FREESTYLE
1135,7215,Lil Baby ,Consistent
1136,10143,CHVRCHES ,Clearest Blue
1137,2501,Drake ,Middle of the Ocean
1138,1757,Ozuna ,Vaina Loca
1139,9759,Rowdy Rebel ,9 Bridge
1140,3729,6ix9ine ,KANGA
1141,600,Harry Styles ,Lights Up
1142,4234,Childish Gambino ,V. 3005
1143,8800,Don Toliver ,Get Throwed
1144,6313,Dreamville ,"Ladies, Ladies, Ladies"
1145,10056,Sam Smith ,Life Support
1146,9010,Jhené Aiko ,Summer 2020  interlude
1147,10255,Mariah Carey ,Infinity
1148,2044,Chris Brown ,New Flame
1149,5239,Panic! At The Disco ,Crazy=Genius
1150,3323,NF ,CLOUDS
1151,327,Charlie Puth ,Attention
1152,6589,DJ Khaled ,Iced Out My Arms
1153,5802,Melanie Martinez ,Nurse's Office
1154,7757,$uicideboy$ ,WE ENVY NOTHING IN THE WORLD.
1155,2503,Lil Uzi Vert ,I'm Sorry
1156,4338,Future ,Zoom
1157,2901,"Tyler, The Creator ",A BOY IS A GUN
1158,6312,Future ,XanaX Damage
1159,1175,TOTO ,Africa
1160,3872,The Weeknd ,Don’t Break My Heart
1161,3072,Lil Wayne ,Open Letter
1162,1133,The Chainsmokers ,Takeaway
1163,4818,Eagles ,Take It Easy  2013 Remaster
1164,724,Taylor Swift ,Maroon
1165,9225,Major Lazer ,Hell and High Water
1166,1549,Zedd ,Happy Now
1167,6311,Eminem ,Need Me
1168,6391,Dua Lipa ,Good In Bed
1169,9986,YoungBoy Never Broke Again ,Ten Talk
1170,9286,Young Thug ,Faces
1171,129,Camila Cabello ,Havana
1172,3770,Drake ,Intro
1173,3776,Bad Bunny ,Una Vez
1174,8362,The 1975 ,I'm In Love With You
1175,9799,Daft Punk ,Around the World
1176,2056,Blueface ,Outside (Better Days)
1177,7728,Central Cee ,LET GO
1178,9411,Trippie Redd ,Good Morning
1179,2189,Camila Cabello ,Don't Go Yet
1180,8005,Joey Bada$$ ,RING THE ALARM
1181,7879,Rick Ross ,I Think She Like Me
1182,10287,PnB Rock ,Issues
1183,2763,Jordan Davis ,What My World Spins Around
1184,4870,Lil Durk ,Finesse Out The Gang Way
1185,10804,Ryn Weaver ,The Fool
1186,3124,Kanye West ,Only One
1187,7563,JID ,Crack Sandwich
1188,10198,Kelsea Ballerini ,End of the World
1189,756,PnB Rock ,Selfish
1190,7175,Rihanna ,James Joint
1191,762,James Bay ,Let It Go
1192,9131,Linkin Park ,A Place For My Head
1193,2509,"Bobby ""Boris"" Pickett & The Crypt",Kickers  Monster Mash
1194,4656,BTS ,Louder than bombs
1195,3821,BANKS ,Beggin For Thread
1196,1067,Kanye West ,Moon
1197,2819,Frank Sinatra ,The First Noel  Remastered 1999
1198,9931,The J. Geils Band ,Centerfold
1199,4295,YoungBoy Never Broke Again ,Knocked Off
1200,2909,Taylor Swift ,marjorie
1201,7099,Jaden ,Chateau
1202,5188,Bad Bunny ,TRELLAS
1203,3019,Pharrell Williams ,Just A Cloud Away
1204,9447,Young Thug ,Pussy
1205,9837,P!nk ,A Million Dreams
1206,5020,Mac Miller ,Perfecto
1207,6243,Louis The Child ,Little Things
1208,372,Bad Bunny ,Yonaguni
1209,4618,Isaiah Rashad ,From The Garden
1210,8900,Lil Skies ,Through The Motions
1211,7817,Kid Cudi ,Swim In The Light
1212,4684,BLACKPINK ,Typa Girl
1213,8428,RL Grime ,Light Me Up
1214,1169,MAGIC! ,Rude
1215,8254,Eslabon Armado ,Tal Vez
1216,3588,Juice WRLD ,HeMotions
1217,4328,Kodak Black ,Testimony
1218,4642,Young Thug ,Mannequin Challenge
1219,5180,Kevin Gates ,Know Better
1220,10259,Bebe Rexha ,That's It
1221,9767,Joji ,XNXX
1222,1926,Drake ,Scholarships
1223,6456,DJ Scheme ,Buck 50
1224,7282,Playboi Carti ,Die4Guy
1225,3332,Lil Yachty ,Yacht Club
1226,5138,A$AP Ferg ,Jet Lag
1227,9277,Rick Ross ,Turnpike Ike
1228,2290,Mumford & Sons ,Believe
1229,7762,Lil Yachty ,love me forever
1230,3355,Ed Sheeran ,Best Part of Me
1231,10038,Green Day ,Bang Bang
1232,1385,YG ,Why You Always Hatin?
1233,4573,Lil Peep ,Life is Beautiful
1234,5973,Future ,Three
1235,5770,YFN Lucci ,Key to the Streets
1236,6142,The Beatles ,Here Comes The Sun  Remastered
1237,6868,Aaliyah ,Poison
1238,10085,Ryan Adams ,All You Had to Do Was Stay
1239,8210,DJ Khaled ,THANKFUL
1240,2210,Joji ,Gimme Love
1241,9746,DJ Suede The Remix God ,You Name It! (#UNameItChallenge)
1242,62,BlocBoy JB ,Look Alive
1243,1436,Kanye West ,Champions
1244,7557,BTS ,All Night (BTS World Original Soundtrack) [Pt. 3]
1245,843,24kGoldn ,VALENTINO
1246,10456,Green Day ,Still Breathing
1247,4174,Bing Crosby ,It's Beginning To Look Like Christmas
1248,6524,Yo Gotti ,They Like
1249,9142,BROCKHAMPTON ,BOOGIE
1250,4960,Juice WRLD ,Out My Way
1251,4649,Avicii ,Hey Brother
1252,9439,Summer Walker ,Deeper
1253,9633,YG ,Out On Bail
1254,6744,Sublime ,Santeria
1255,8028,JID ,Westbrook
1256,2552,Migos ,Call Casting
1257,3891,Drake ,Overdrive
1258,5312,Logic ,man i is
1259,10568,Tony Bennett ,Silver Bells
1260,5337,Lil Skies ,Name in the Sand
1261,841,Young Thug ,Hot (Remix)
1262,10134,TOMORROW X TOGETHER ,0X1=LOVESONG (I Know I Love you)
1263,4421,Fall Out Boy ,Fourth Of July
1264,913,Taylor Swift ,ME!
1265,2407,Drake ,Peak
1266,3700,NOTD ,So Close
1267,3592,Lil Uzi Vert ,For Real
1268,160,XXXTENTACION ,changes
1269,143,Shawn Mendes ,Señorita
1270,5845,John Legend ,What Christmas Means to Me
1271,9887,Run The Jewels ,a few words for the firing squad (radiation)
1272,611,Kent Jones ,Don't Mind
1273,1361,Disclosure ,Latch
1274,4857,Future ,My Collection
1275,10253,Blvckengineer ,In Tune
1276,9762,Bon Iver ,iMi
1277,4458,NF ,Leave Me Alone
1278,10172,Lady Gaga ,Telephone
1279,3240,Chris Brown ,Loyal
1280,7972,Logic ,Can I Kick It
1281,5338,Warren Zevon ,Werewolves of London  2007 Remaster
1282,9005,Kane Brown ,Worship You
1283,5466,J Balvin ,MOJAITA
1284,8296,Lil Baby ,Gang Signs
1285,10717,The Beatles ,Yellow Submarine  Remastered 2009
1286,4389,One Direction ,Hey Angel
1287,4803,The Chainsmokers ,Kills You Slowly
1288,2150,Kodak Black ,MoshPit
1289,8870,BTS ,Dynamite  Instrumental
1290,7286,ScHoolboy Q ,Black Folk
1291,8447,Ivan Cornejo ,Está Dañado
1292,8894,Ellie Goulding ,Codes
1293,754,Camila Cabello ,Bam Bam
1294,9662,Jessie J ,Burnin' Up
1295,3495,DJ Khaled ,Celebrate
1296,2890,Luke Bryan ,Home Alone Tonight
1297,8179,George Michael ,Freedom! '90
1298,8381,Don Toliver ,Can't Feel My Legs
1299,7211,The Lumineers ,A.M. RADIO
1300,2072,21 Savage ,can't leave without it
1301,2219,O.T. Genasis ,CoCo
1302,6452,Belly ,Maintain
1303,4002,Bruno Mars ,After Last Night
1304,9897,Rich Brian ,See Me
1305,10182,Thomas Rhett ,Drink A Little Beer
1306,6973,Mac Miller ,Conversation Pt. 1
1307,9416,j,hope  Future
1308,2947,A$AP Rocky ,Bad Company
1309,1632,French Montana ,No Shopping
1310,5335,Tory Lanez ,Forever
1311,9208,Don Toliver ,Crossfaded
1312,8276,ROZES ,Christmas (Baby Please Come Home)
1313,1265,Doja Cat ,Juicy
1314,8531,Eminem ,These Demons
1315,2610,Justin Bieber ,Life Is Worth Living
1316,4289,CAZZETTE ,Blind Heart
1317,5055,Isaiah Rashad ,Lay Wit Ya
1318,8534,David Bowie ,Queen Bitch  1999 Remastered Version
1319,1003,O.T. Genasis ,Cut It
1320,2394,Bad Bunny ,Un Verano Sin Ti
1321,1533,Meghan Trainor ,Me Too
1322,10847,JAY,Z  Dirt Off Your Shoulder
1323,9856,Janelle Monáe ,I Got The Juice
1324,6930,Mayar Jenisk ,Longing Heart
1325,5408,Shawn Mendes ,Teach Me How To Love
1326,2816,Jeremih ,Pass Dat
1327,1717,Thomas Rhett ,TShirt
1328,570,Kane Brown ,What Ifs
1329,1765,OneRepublic ,Rescue Me
1330,7026,Hozier ,Nina Cried Power
1331,2546,J. Cole ,The Climb Back
1332,4932,Tory Lanez ,MiAMi
1333,671,Luke Combs ,Beer Never Broke My Heart
1334,9650,Maggie Rogers ,Anywhere With You
1335,5283,Don Toliver ,Drugs N Hella Melodies
1336,550,Juice WRLD ,Hate The Other Side
1337,10652,Tim McGraw ,Meanwhile Back At Mama's
1338,8115,Birdy ,Skinny Love
1339,8536,A Boogie Wit da Hoodie ,R.O.D.
1340,8123,Red Hot Chili Peppers ,The Getaway
1341,6081,The Lumineers ,Angela
1342,6569,Bon Iver ,22 (OVER S∞∞N)
1343,3055,BTS ,Make It Right
1344,3505,Morgan Wallen ,Your Bartender
1345,2203,Mac Miller ,Blue World
1346,177,Kendrick Lamar ,All The Stars
1347,2693,Labrinth ,Formula
1348,9518,Bebe Rexha ,Not 20 Anymore
1349,6892,Gunna ,Style Stealer (Lil Baby & Gunna)
1350,5877,The 1975 ,Give Yourself A Try
1351,6181,Bad Bunny ,Otra Noche en Miami
1352,4966,Lil Baby ,Still Runnin
1353,2325,"Earth, Wind & Fire ",September
1354,9287,Mitski ,Should've Been Me
1355,2188,Don Toliver ,Had Enough
1356,5273,$uicideboy$ ,In Constant Sorrow
1357,5586,Mac Miller ,Small Worlds
1358,10232,Paramore ,Fake Happy
1359,10867,Imagine Dragons ,The Fall
1360,9069,Chelsea Cutler ,please
1361,6178,Bon Iver ,715  CR∑∑KS
1362,3893,Young Thug ,What's the Move
1363,2385,Morgan Wallen ,Warning
1364,4777,Halsey ,3am
1365,2358,Kanye West ,Violent Crimes
1366,2282,Calvin Harris ,Giant
1367,10596,Solange ,Rise
1368,10864,Madonna ,Iconic
1369,5550,Gunna ,too easy (Remix)
1370,3623,DLOW ,Bet You Can't Do It Like Me
1371,2672,Ty Dolla $ign ,Campaign
1372,10768,Migos ,Pipe It Up
1373,4789,Future ,No Cap
1374,4501,OMI ,Cheerleader  Felix Jaehn vs Salaam Remi Remix
1375,10395,Iggy Azalea ,Iggy SZN
1376,4976,Khalid ,American Teen
1377,2829,Drake ,Final Fantasy
1378,5689,Young Thug ,Light It Up
1379,9811,Catie Turner ,God Must Hate Me
1380,3029,One Direction ,End of the Day
1381,1020,Eminem ,The Real Slim Shady
1382,4824,Logic ,Lord Willin'
1383,2078,Lil Uzi Vert ,Do What I Want
1384,2717,Shawn Hook ,Reminding Me
1385,2006,Drake ,Ice Melts
1386,4928,Bad Bunny ,200 Mph
1387,8191,Ugly God ,No Lies
1388,4204,Future ,Over Your Head
1389,9706,Tory Lanez ,Old Friends x New Foes
1390,436,Bad Bunny ,Ojitos Lindos
1391,5235,Run The Jewels ,JU$T
1392,257,Mac Miller ,The Spins
1393,1588,Cardi B ,Drip
1394,9735,A$AP Ferg ,No Ceilings
1395,1646,Fetty Wap ,Wake Up
1396,1850,One Direction ,Night Changes
1397,6550,Future ,Stick to the Models
1398,2046,Auli'i Cravalho ,How Far I'll Go
1399,186,Kendrick Lamar ,Money Trees
1400,706,J. Cole ,m y . l i f e
1401,3691,Bing Crosby ,Twelve Days Of Christmas
1402,9054,BTS ,Butter (Instrumental)
1403,8433,French Montana ,Out Of Your Mind
1404,2623,SleazyWorld Go ,Sleazy Flow
1405,2196,Bebe Rexha ,Last Hurrah
1406,1677,BLACKPINK ,Ice Cream
1407,5023,Ed Sheeran ,I Don't Want Your Money
1408,612,Ed Sheeran ,Castle on the Hill
1409,9128,A Boogie Wit da Hoodie ,4 Min Convo (Favorite Song)
1410,25,Billie Eilish ,lovely
1411,2402,Lil Baby ,California Breeze
1412,8412,DNCE ,Body Moves
1413,8695,j,hope  Pandora's Box
1414,7463,Tory Lanez ,Pricey & Spicy
1415,5853,Trippie Redd ,Never Change
1416,3314,Justin Bieber ,Honest
1417,7371,Florida Georgia Line ,Drinkin' Beer. Talkin' God. Amen.
1418,6584,Lil Pump ,Ok
1419,3706,DJ Khaled ,Gold Slugs
1420,4697,Jake Owen ,Made For You
1421,247,Justin Bieber ,Intentions
1422,6121,6ix9ine ,DUMMY
1423,4010,The Kid LAROI ,"F*CK YOU, GOODBYE"
1424,10910,Kaskade ,A Little More
1425,6208,Don Toliver ,Way Bigger
1426,2704,Harry Styles ,Cherry
1427,9276,Bobby Shmurda ,No Time For Sleep (Freestyle)
1428,7285,French Montana ,Figure it Out
1429,5471,Future ,RACKS BLUE
1430,4387,Post Malone ,When I’m Alone
1431,4140,Wilbur Soot ,Your New Boyfriend
1432,9795,Sam Smith ,I Feel Love
1433,10245,Calum Scott ,You Are The Reason
1434,7639,Logic ,Call Me
1435,8804,Agust D ,Burn It
1436,9372,Belly ,Immigrant
1437,4972,Lil Skies ,Nowadays Pt. 2
1438,1145,Jhay Cortez ,No Me Conoce  Remix
1439,6603,Fiona Apple ,I Want You To Love Me
1440,5910,Nelly Furtado ,Maneater
1441,4735,Dreamville ,Wells Fargo
1442,1010,The Weeknd ,Take My Breath
1443,1097,Demi Lovato ,Tell Me You Love Me
1444,9715,Mark Ronson ,Pieces of Us
1445,8041,Big Sean ,Outro
1446,3988,Tory Lanez ,Temperature Rising
1447,1541,Demi Lovato ,Confident
1448,528,WALK THE MOON ,Shut Up and Dance
1449,10415,Handsome Ghost ,Steps
1450,8358,Keyliu ,A Little House on the River
1451,6716,$uicideboy$ ,Champagne Face
1452,3540,The Weeknd ,Starry Eyes
1453,1944,Zara Larsson ,I Would Like
1454,2655,G,Eazy  Random
1455,5710,Mumford & Sons ,Wilder Mind
1456,8772,ScHoolboy Q ,Ride Out
1457,3484,Migos ,Give No Fxk
1458,1724,Ty Dolla $ign ,Blasé
1459,9296,Maroon 5 ,Happy Christmas (War Is Over)
1460,251,A$AP Ferg ,Plain Jane
1461,9124,Lovejoy ,It's All Futile! It's All Pointless!
1462,7109,2 Chainz ,Bounce
1463,9849,Kevin Abstract ,Peach
1464,8885,Tom Petty and the Heartbreakers ,Here Comes My Girl
1465,10628,Meghan Trainor ,Better
1466,5539,5 Seconds of Summer ,Girls Talk Boys
1467,131,Drake ,Laugh Now Cry Later
1468,264,Roddy Ricch ,High Fashion
1469,4516,Lana Del Rey ,Young And Beautiful
1470,10787,Sam Smith ,Stay With Me  Darkchild Version
1471,5526,Thomas Rhett ,Make Me Wanna
1472,3977,The Chainsmokers ,Beach House
1473,1356,Billie Eilish ,Your Power
1474,110,Harry Styles ,Adore You
1475,7832,Baxuz ,Future
1476,5210,XXXTENTACION ,Introduction
1477,8434,The Lumineers ,BIRTHDAY
1478,6168,Chris Brown ,High End
1479,5012,Kendrick Lamar ,Hood Politics
1480,3693,Taylor Swift ,Fearless (Taylor’s Version)
1481,6927,Bryson Tiller ,Keep Doing What You're Doing
1482,9213,Swedish House Mafia ,Lifetime
1483,580,Billie Eilish ,i love you
1484,6808,Mumford & Sons ,Only Love
1485,1932,Giveon ,For Tonight
1486,1875,Eminem ,Greatest
1487,2637,Kris Kross Amsterdam ,Whenever
1488,9112,DJ Khaled ,THIS IS MY YEAR
1489,2145,WhoHeem ,Lets Link
1490,3155,Kanye West ,Wash Us In The Blood
1491,3808,Jason Derulo ,If I'm Lucky
1492,7269,XXXTENTACION ,NorthStar  Remix
1493,9191,A Boogie Wit da Hoodie ,Girls Go Down
1494,1332,Kungs ,This Girl  Kungs Vs. Cookin' On 3 Burners
1495,3996,Kanye West ,Freestyle 4
1496,5690,Jonas Brothers ,Strangers
1497,6061,Trippie Redd ,Supernatural
1498,5926,Lil Wayne ,Know You Know (ft. 2 Chainz)
1499,7678,Sia ,Together
1500,1454,Bad Bunny ,Si Veo a Tu Mamá
1501,6878,City Girls ,JT First Day Out
1502,7701,DJ Khaled ,Big Boy Talk
1503,8519,Rick Ross ,Apple of My Eye
1504,9909,Blake Shelton ,She's Got a Way With Words
1505,8444,Hayden James ,Something About You
1506,2187,SZA ,Snooze
1507,7223,Logic ,Legacy
1508,888,Olivia Rodrigo ,enough for you
1509,2630,Childish Gambino ,Feels Like Summer
1510,7004,Tom Petty and the Heartbreakers ,Learning To Fly
1511,9588,Summer Walker ,Me
1512,10233,Carlie Hanson ,Only One
1513,4916,Ski Mask The Slump God ,LA LA
1514,9852,iann dior ,Darkside
1515,4971,GASHI ,Creep On Me
1516,4616,Lil Nas X ,LIFE AFTER SALEM
1517,20,XXXTENTACION ,Fuck Love
1518,8075,Future ,Walk On Minks
1519,7399,Miley Cyrus ,We Can't Stop
1520,3129,Mora ,Volando  Remix
1521,10543,D'Angelo ,Another Life
1522,10327,Robin Schulz ,OK
1523,2986,Mike WiLL Made,It  Gucci On My
1524,2233,Nelly Furtado ,Promiscuous
1525,4024,Future ,100 Shooters
1526,10174,Whethan ,High (& Dua Lipa)
1527,7606,Lil Pump ,What U Sayin'
1528,5801,Migos ,Made Men
1529,1300,Internet Money ,Blastoff
1530,9481,Quality Control ,"Intro (Migos, Lil Yachty feat. Gucci Mane)"
1531,9718,Ronny J ,Banded Up
1532,7420,NF ,STORY
1533,9875,Nas ,Nobody
1534,3991,Rae Sremmurd ,By Chance
1535,8158,Pentatonix ,Can't Sleep Love
1536,5868,PinkPantheress ,Break It Off
1537,1317,Donny Hathaway ,This Christmas
1538,4309,Lil Baby ,Forever
1539,10025,Majid Jordan ,Stars Align
1540,3711,Alexander 23 ,IDK You Yet
1541,2877,Nicki Minaj ,Barbie Tingz
1542,10587,The Lumineers ,Sick In The Head
1543,9423,Justin Timberlake ,Livin' Off the Land
1544,5542,Meek Mill ,Oodles O' Noodles Babies
1545,5907,Anuel AA ,El Manual
1546,4325,Britney Spears ,Pretty Girls
1547,4373,Michael Bublé ,Cold December Night
1548,8659,Giveon ,Let Me Go
1549,4938,Summer Walker ,Stretch You Out
1550,2977,Huncho Jack ,Modern Slavery
1551,10291,Florence + The Machine ,Ship To Wreck
1552,925,Lil Baby ,Freestyle
1553,5899,Chris Stapleton ,Either Way
1554,9132,Alicia Keys ,If I Ain't Got You
1555,7300,Bill Withers ,Lean on Me
1556,7429,Taylor Swift ,You Belong With Me
1557,7730,Kygo ,Dancing Feet
1558,3118,Lil Uzi Vert ,Chrome Heart Tags
1559,5515,Quavo ,HUNCHO DREAMS
1560,2498,Post Malone ,Internet
1561,5953,Thomas Rhett ,What’s Your Country Song
1562,6994,Eminem ,Book of Rhymes
1563,1420,Maluma ,Hawái
1564,4270,Taylor Swift ,Forever & Always (Taylor’s Version)
1565,157,DJ Khaled ,I'm the One
1566,5822,Fall Out Boy ,"Sugar, We're Goin Down"
1567,2200,Lil Pump ,Butterfly Doors
1568,7053,Joyner Lucas ,The War
1569,1682,Travis Scott ,CAROUSEL
1570,4765,Selena Gomez ,Crowded Room
1571,8515,ODESZA ,Forgive Me
1572,3813,Kanye West ,Ok Ok pt 2
1573,7444,Kay Starr ,(Everybody's Waitin' For) The Man With The Bag  Remastered 1996
1574,1826,Billie Eilish ,listen before i go
1575,842,Bad Bunny ,Vete
1576,5389,Chris Stapleton ,Broken Halos
1577,2755,Ed Sheeran ,Barcelona
1578,6377,ScHoolboy Q ,Water
1579,3634,Eminem ,In Too Deep
1580,10941,Justin Timberlake ,Not a Bad Thing
1581,6579,Luke Combs ,New Every Day
1582,8082,Jordi Rivera ,ON THAT ASS
1583,2731,JID ,Surround Sound
1584,10738,David Bowie ,Blue Jean  1999 Remastered Version
1585,9969,Miley Cyrus ,Hate Me
1586,744,A Boogie Wit da Hoodie ,Startender
1587,7054,Future ,Freak Hoe
1588,5525,BLACKPINK ,Hard to Love
1589,4629,Lana Del Rey ,Mariners Apartment Complex
1590,1508,Fetty Wap ,RGF Island
1591,7888,Paul Simon ,Me and Julio Down by the Schoolyard
1592,6740,Vince Staples ,Yeah Right
1593,4869,Playboi Carti ,Go2DaMoon
1594,4463,Miguel ,Coffee
1595,5427,Pop Smoke ,Genius
1596,9310,King Von ,Trust Nothing
1597,6180,Calvin Harris ,Obsessed
1598,10388,Purity Ring ,heartsigh
1599,3167,Huncho Jack ,Black & Chinese
1600,276,Adele ,Hello
1601,3823,Kenny Chesney ,American Kids
1602,9896,Chris Brown ,Back To Love
1603,10350,Mike Perry ,Inside the Lines
1604,581,Kodak Black ,Codeine Dreaming
1605,5264,Machine Gun Kelly ,concert for aliens
1606,9056,Prince ,A Case of You
1607,8959,Porter Robinson ,Get Your Wish
1608,10102,Wiz Khalifa ,Bammer
1609,6424,Future ,Unicorn Purp
1610,3972,Polo G ,Don’t Play
1611,3716,Drake ,Not You Too
1612,7255,Juice WRLD ,She’s The One
1613,4512,Kid Cudi ,4 Da Kidz
1614,9774,Chelsea Cutler ,Lonely Alone
1615,10615,The All,American Rejects  Move Along
1616,7431,Isaiah Rashad ,Darkseid
1617,5504,Sam Hunt ,Downtown's Dead
1618,10062,Louis The Child ,Big Love
1619,1592,Drake ,Feel No Ways
1620,10749,T.I. ,Peanut Butter Jelly
1621,2292,Sabrina Carpenter ,Thumbs
1622,66,24kGoldn ,Mood
1623,5897,Gucci Mane ,Cold Shoulder
1624,10580,David Bowie ,Ashes to Ashes
1625,1661,Juice WRLD ,Make Believe
1626,2490,Lauv ,There's No Way
1627,2427,Charlie Puth ,Done for Me
1628,4180,Drake ,War
1629,8992,Pentatonix ,Hark! The Herald Angels Sing
1630,6799,Twenty One Pilots ,Redecorate
1631,6282,Chance the Rapper ,Get A Bag
1632,1857,Skrillex ,Would You Ever
1633,7649,NAV ,Friends & Family
1634,6480,NAV ,Dead Shot
1635,7107,Luke Combs ,On the Other Line
1636,8010,Beck ,Heart Is A Drum
1637,368,DJ Khaled ,POPSTAR
1638,9449,A Boogie Wit da Hoodie ,Notifications
1639,3532,A$AP Rocky ,Cocky
1640,8760,Young Thug ,U Ain't Slime Enough
1641,4744,Jeremih ,Tonight Belongs To U!
1642,7492,Trippie Redd ,Everything BoZ
1643,10120,The Strokes ,At The Door
1644,2379,Morgan Wallen ,Dangerous
1645,5667,Childish Gambino ,Zombies
1646,10693,Big Grams ,Goldmine Junkie
1647,8926,Zach Bryan ,Cold Damn Vampires
1648,1517,Passenger ,Let Her Go
1649,619,Future ,Where Ya At
1650,10328,John Mayer ,Still Feel Like Your Man
1651,602,Bad Bunny ,Callaita
1652,3866,24kGoldn ,"Mood (Remix) feat. Justin Bieber, J Balvin & iann dior"
1653,8170,Earl Sweatshirt ,December 24
1654,8694,Lil Yachty ,DAS CAP
1655,1207,The Weeknd ,Six Feet Under
1656,10484,blink,182  Teenage Satellites
1657,8797,Pi’erre Bourne ,Switching Lanes
1658,7679,Ryan Adams ,Bad Blood
1659,9111,ODESZA ,Line Of Sight
1660,10630,Meek Mill ,Tony Story 3
1661,2434,Arcángel ,La Jumpa
1662,4333,Thomas Rhett ,Life Changes
1663,9029,Rich Brian ,Amen
1664,9784,Hozier ,Moment's Silence (Common Tongue)
1665,5619,Cole Swindell ,Flatliner
1666,7170,Playboi Carti ,Not PLaying
1667,8184,Prxxy ,Sunset
1668,4494,Polo G ,My All
1669,7417,BLACKPINK ,Ready For Love
1670,1103,Ed Sheeran ,Cross Me
1671,2093,Ski Mask The Slump God ,Foot Fungus
1672,3204,Lil Uzi Vert ,UnFazed
1673,973,Childish Gambino ,3005
1674,5070,Machine Gun Kelly ,kiss kiss
1675,6191,Tyga ,Feel Me
1676,1452,Noah Cyrus ,Make Me (Cry)
1677,8954,Galantis ,In My Head
1678,9664,Tems ,Found
1679,10363,The xx ,A Violent Noise
1680,3271,Drake ,The Remorse
1681,4832,Billie Eilish ,Everybody Dies
1682,5301,Juice WRLD ,My Life In A Nutshell
1683,7509,Halsey ,929
1684,4940,Migos ,Danger
1685,10436,Vince Gill ,Have Yourself A Merry Little Christmas
1686,9398,Russ ,AINT GOIN BACK
1687,4391,Juice WRLD ,Make It Back
1688,9891,Hozier ,Jackie and Wilson
1689,8753,One Direction ,They Don't Know About Us
1690,7403,Jeremy Zucker ,not ur friend
1691,10566,Ledinsky ,DonaldTrumpMakesMeWannaSmokeCrack
1692,235,Khalid ,Talk
1693,6111,Migos ,Work Hard
1694,9042,Chris Brown ,Bitches N Marijuana
1695,9344,Thomas Rhett ,Up
1696,8162,Calvin Harris ,Open Wide
1697,10074,Kodak Black ,Remember The Times
1698,1521,Khalid ,Outta My Head
1699,632,Juice WRLD ,Smile
1700,7939,DJ Khaled ,It's Secured
1701,4042,Lil Wayne ,Perfect Strangers
1702,8995,Summer Walker ,White Tee
1703,10521,Coldplay ,Clocks
1704,6131,BLACKPINK ,You Never Know
1705,8820,Hozier ,Swan Upon Leda
1706,10184,Thirty Seconds To Mars ,Love Is Madness
1707,5117,A$AP Rocky ,Distorted Records
1708,5536,BROCKHAMPTON ,J'OUVERT
1709,10168,Snakehips ,Either Way
1710,10249,The All,American Rejects  Sweat
1711,2168,Drake ,IMY2
1712,6084,21 Savage ,Emergency
1713,7750,Tove Lo ,Influence
1714,1386,Jason Derulo ,If It Ain't Love
1715,2305,MiC LOWRY ,Oh Lord
1716,5165,Kelsea Ballerini ,Better Luck Next Time
1717,10531,G,Eazy  Still
1718,6754,The Game ,On Me
1719,1993,Gucci Mane ,Rumors
1720,5146,Taylor Swift ,Bye Bye Baby (Taylor’s Version) (From The Vault)
1721,5685,Sam Smith ,The Thrill Of It All
1722,5819,Dierks Bentley ,Beers On Me
1723,7766,YG ,Blood Walk
1724,4344,The Chainsmokers ,Don't Say
1725,2134,The Weeknd ,Is There Someone Else?
1726,6571,BTS ,So What
1727,8633,Troye Sivan ,Angel Baby
1728,9933,Tyga ,Money Mouf
1729,4403,Juice WRLD ,Big
1730,2043,DUSTY LOCANE ,ROLLIN N CONTROLLIN FREESTYLE
1731,8665,Hayley Kiyoko ,What I Need
1732,2912,Fifth Harmony ,BO$$
1733,1599,Frank Ocean ,Chanel
1734,10391,MC Ty ,Jingle Bell Rock
1735,10906,E,40  Choices (Yup)
1736,3543,Morgan Wallen ,Outlaw
1737,4103,French Montana ,A Lie
1738,1158,Drake ,Champagne Poetry
1739,4003,Andrew Gold ,"Spooky, Scary Skeletons  Undead Tombstone Remix"
1740,6134,Future ,One Of My
1741,10045,Major Lazer ,My Number
1742,961,Taylor Swift ,august
1743,1230,Diane Guerrero ,What Else Can I Do?
1744,9159,The Chainsmokers ,Riptide
1745,10784,New Politics ,Girl Crush
1746,1559,Drake ,Behind Barz  Bonus
1747,10256,Bebe Rexha ,(Not) The One
1748,782,Taylor Swift ,Lover
1749,4595,Bad Bunny ,<3
1750,9910,$uicideboy$ ,"10,000 Degrees"
1751,10339,Years & Years ,Desire  Gryffin Remix
1752,1221,Kendrick Lamar ,Alright
1753,8791,Demi Lovato ,SKIN OF MY TEETH
1754,4462,Belly ,Better Believe
1755,7197,Melanie Martinez ,Drama Club
1756,4721,Andrew Andraos ,Amazing Grace
1757,475,Olivia Rodrigo ,happier
1758,6444,J Balvin ,CUIDAO POR AHÍ
1759,7434,$uicideboy$ ,Degeneration in the Key of A Minor
1760,7176,The 1975 ,If You’re Too Shy (Let Me Know)  Edit
1761,8922,Meek Mill ,Outside (100 MPH)
1762,2284,Jon Pardi ,Dirt On My Boots
1763,4783,John Mayer ,Shot in the Dark
1764,10930,Lil Wayne ,Love Me
1765,5925,Flo Rida ,Once In A Lifetime
1766,6899,Lil Baby ,Can't Explain
1767,5632,Lana Del Rey ,How to disappear
1768,4419,Imagine Dragons ,Shots
1769,6445,Childish Gambino ,Baby Boy
1770,9765,Tee Grizzley ,In My Feelings
1771,7570,Vicente Fernández ,Mujeres Divinas
1772,6003,John Mayer ,Shouldn't Matter but It Does
1773,1745,Young Thug ,Bubbly
1774,8202,XXXTENTACION ,FUXK
1775,9677,Vampire Weekend ,How Long?
1776,6112,Shawn Mendes ,Why
1777,5047,DaBaby ,SAD SH*T
1778,296,JP Saxe ,If The World Was Ending
1779,7332,H.E.R. ,Could've Been
1780,1894,Drake ,Live From The Gutter
1781,9902,Russ ,Private
1782,124,Polo G ,Pop Out
1783,4610,G,Eazy  Drop
1784,9796,BTS ,Answer : Love Myself
1785,6728,Lil Tecca ,Our Time
1786,172,Juice WRLD ,Lean Wit Me
1787,4313,Kane Brown ,Like I Love Country Music
1788,5257,A Boogie Wit da Hoodie ,Luv Is Art
1789,3548,Bring Me The Horizon ,Can You Feel My Heart
1790,405,Billie Eilish ,idontwannabeyouanymore
1791,6565,Trippie Redd ,U Deserve It
1792,817,Loud Luxury ,Body
1793,10258,Kygo ,Never Let You Go
1794,2885,Kane Brown ,Memory
1795,10210,The Beatles ,Help!  Remastered 2009
1796,760,Kendrick Lamar ,N95
1797,2036,Jason Aldean ,If I Didn't Love You
1798,8775,Rod Wave ,What's Love??
1799,179,Billie Eilish ,Happier Than Ever
1800,8860,Lauv ,Love Like That
1801,6448,Young Thug ,Jumped Out the Window
1802,9714,Tory Lanez ,Melee
1803,4187,Coldplay ,Let Somebody Go
1804,7747,Kevin Gates ,Hard For
1805,8878,Denzel Curry ,ZUU
1806,9431,Shakira ,"Whenever, Wherever"
1807,5646,Russell Dickerson ,Blue Tacoma
1808,8131,NAV ,Brown Boy
1809,7484,YoungBoy Never Broke Again ,Hold Me Down
1810,10548,Eve ,Let Me Blow Ya Mind
1811,6765,Enrique Iglesias ,SUBEME LA RADIO
1812,7246,Tom Petty ,You Don't Know How It Feels
1813,1611,Oliver Tree ,Miss You
1814,2674,Logic ,Overnight
1815,2037,Niall Horan ,Too Much To Ask
1816,6983,Sia ,Bird Set Free
1817,7030,Lorde ,Fallen Fruit
1818,2935,Kanye West ,God Is
1819,4205,Lil Baby ,Business Is Business (Lil Baby & Gunna)
1820,4884,ScHoolboy Q ,CrasH
1821,1483,J. Cole ,a m a r i
1822,10849,Cheat Codes ,Adventure
1823,3386,Lil Baby ,Detox
1824,4627,Playboi Carti ,M3tamorphosis
1825,5534,Selena Gomez ,Sober
1826,5230,Big Sean ,Inspire Me
1827,4312,Ed Sheeran ,Take Me Back to London
1828,5147,A Tribe Called Quest ,Whateva Will Be
1829,5524,Glass Animals ,I Don't Wanna Talk (I Just Wanna Dance)
1830,8239,Kodak Black ,Coolin and Booted
1831,7667,Meek Mill ,Cold Hearted
1832,1161,Lil Pump ,Esskeetit
1833,8015,Tory Lanez ,Yessirr
1834,771,Neon Trees ,Everybody Talks
1835,6308,Wale ,My Boy
1836,4887,Sam Smith ,Midnight Train
1837,4812,BLACKPINK ,Pretty Savage
1838,8904,Marshmello ,Crusade
1839,6540,Nicki Minaj ,All Things Go
1840,7448,Future ,Overdose
1841,6256,Chris Brown ,Anyway
1842,1447,DeJ Loaf ,Back Up
1843,7498,Lana Del Rey ,hope is a dangerous thing for a woman like me to have  but I have it
1844,1578,Justin Bieber ,Forever
1845,2112,Drake ,Pipe Down
1846,7009,AJR ,Way Less Sad
1847,5624,Desiigner ,Priice Tag
1848,6807,Ludacris ,Good Lovin
1849,9484,Major Lazer ,Lay Your Head On Me
1850,8051,Lady Gaga ,Sinner's Prayer
1851,9512,Ir Sais ,Dream Girl
1852,4561,Avril Lavigne ,Head Above Water
1853,5027,Future ,Million Dollar Play
1854,2285,5 Seconds of Summer ,She's Kinda Hot
1855,9078,Lil Durk ,Headtaps
1856,478,Morgan Wallen ,Cover Me Up
1857,6861,Lil Baby ,Section 8
1858,6205,Morgan Wallen ,Whatcha Think Of Country Now
1859,1416,Polo G ,GANG GANG
1860,1058,Trippie Redd ,Dark Knight Dummo (Feat. Travis Scott)
1861,808,Brett Young ,In Case You Didn't Know
1862,9106,Clairo ,Amoeba
1863,5929,BTS ,Go Go
1864,26,Joji ,SLOW DANCING IN THE DARK
1865,4428,The Chainsmokers ,My Type
1866,1243,Calvin Harris ,Promises
1867,2639,Kevin Gates ,Time for That
1868,3230,Carly Rae Jepsen ,Run Away With Me
1869,3639,Coolio ,Gangsta's Paradise
1870,10598,"Harry Connick, Jr. ",Have a Holly Jolly Christmas
1871,154,Doja Cat ,Woman
1872,4401,G,Eazy  One Of Them
1873,7208,Murda Beatz ,Banana Split
1874,1232,Jon Pardi ,Heartache On The Dance Floor
1875,10361,Beyoncé ,Pretty Hurts
1876,8135,Russ ,Alone
1877,5381,Lil Baby ,Who I Want
1878,8501,Ski Mask The Slump God ,Merlin’s Staff
1879,9182,Harry Simeone Chorale ,The Little Drummer Boy  1965 Version
1880,8592,Mariami ,Miss the Show
1881,4970,Big Sean ,Same Time Pt. 1
1882,2288,Eminem ,Mockingbird
1883,7992,Lady Gaga ,Hey Girl
1884,8400,Kings of Leon ,WALLS
1885,8660,Lil Durk ,Started From
1886,3189,Lauv ,Getting Over You
1887,1725,Post Malone ,Goodbyes
1888,2162,Imagine Dragons ,I Bet My Life
1889,1124,Louis Tomlinson ,Back to You
1890,6914,Bryson Tiller ,High Stakes
1891,5407,Marshmello ,You Can Cry
1892,9061,Florence + The Machine ,King
1893,5258,Joji ,NITROUS
1894,6782,Nicki Minaj ,Want Some More
1895,3746,Gunna ,25k jacket
1896,3174,Bing Crosby ,It's Beginning To Look A Lot Like Christmas
1897,4953,Future ,Might as Well
1898,758,Robin Schulz ,Sugar
1899,7308,Gunna ,DO BETTER
1900,8610,YoungBoy Never Broke Again ,Bat Man
1901,5760,Florida Georgia Line ,I Love My Country
1902,571,Selena Gomez ,Back To You
1903,10680,Tinashe ,Ride Of Your Life
1904,274,Calboy ,Envy Me
1905,308,Ariana Grande ,"break up with your girlfriend, i'm bored"
1906,5782,Michael Bublé ,Blue Christmas
1907,827,Drake ,Summer Sixteen
1908,8137,Future ,Turn On Me
1909,1966,Niall Horan ,Nice To Meet Ya
1910,1348,Blake Shelton ,God's Country
1911,5276,Kelsea Ballerini ,the other girl
1912,4455,Trippie Redd ,BANG!
1913,5949,Beyoncé ,Sorry  Original Demo
1914,6993,P!nk ,Hurts 2B Human
1915,8539,Metallica ,Lux Æterna
1916,9342,Mac Miller ,It Just Doesn’t Matter
1917,1013,Ariana Grande ,Break Free
1918,8928,Zach Bryan ,Younger Years
1919,3018,The Weeknd ,Here We Go… Again
1920,60,Bebe Rexha ,Meant to Be
1921,10439,Timeflies ,Stuck With Me
1922,6788,blackbear ,queen of broken hearts
1923,3799,Ariana Grande ,raindrops (an angel cried)
1924,6834,A$AP Rocky ,West Side Highway
1925,847,Mariah Carey ,Christmas (Baby Please Come Home)
1926,4400,Lil Uzi Vert ,No Auto
1927,339,SZA ,Love Galore
1928,6079,The Temptations ,My Girl
1929,7985,Paramore ,RoseColored Boy
1930,8467,Sam Smith ,Love Me More
1931,5672,Morgan Wallen ,Country A$$ Shit
1932,5588,iann dior ,Sick and Tired (ft. Machine Gun Kelly and Travis Barker)
1933,5411,Dustin Lynch ,Mind Reader
1934,8183,The xx ,Dangerous
1935,8056,Trippie Redd ,Love Scars 4
1936,9141,Gunna ,Out The Hood
1937,1888,Britney Spears ,Make Me...
1938,9261,Jessie Murph ,How Could You
1939,6434,Ozuna ,Aura
1940,3085,Meek Mill ,On Me
1941,6379,Mumford & Sons ,Hot Gates
1942,9316,Baby Keem ,first order of business
1943,893,Silentó ,Watch Me (Whip / Nae Nae)
1944,8484,Takeoff ,I Remember
1945,1900,Drake ,Blue Tint
1946,9637,Chelsea Cutler ,Lucky
1947,4074,Only The Family ,Crazy Story
1948,5402,Louis Armstrong ,"'Zat You, Santa Claus?  Single Version"
1949,2270,Peach Tree Rascals ,Mariposa
1950,2475,Billie Eilish ,Bored
1951,6902,Kid Cudi ,Willing To Trust
1952,3763,Olly Murs ,Wrapped Up
1953,7341,DJ Khaled ,"FAM GOOD, WE GOOD"
1954,2831,Josh Turner ,Hometown Girl
1955,8329,TOOL ,Legion Inoculant
1956,497,Frank Ocean ,Lost
1957,5540,The Lumineers ,Cleopatra
1958,2703,ROSALÍA ,"Yo x Ti, Tu x Mi"
1959,10567,Alex Da Kid ,Not Easy
1960,1824,Kendrick Lamar ,GOD.
1961,7938,Marc E. Bassy ,Plot Twist
1962,334,Cardi B ,Up
1963,9938,Rae Sremmurd ,Set The Roof
1964,2439,Lil Skies ,No Rest
1965,345,Dean Lewis ,Be Alright
1966,1040,Cody Johnson ,'Til You Can't
1967,8522,YNW Melly ,Adam Sandler
1968,5303,Playboi Carti ,Over
1969,8003,Lil Skies ,Riot
1970,1796,6ix9ine ,MAMA
1971,5065,Travis Scott ,through the late night
1972,3171,Lil Nas X ,DOLLA SIGN SLIME
1973,8916,Polo G ,No Matter What
1974,2306,Morgan Wallen ,Livin’ The Dream
1975,6401,NF ,TRUST
1976,255,Dua Lipa ,New Rules
1977,2796,Taylor Swift ,cowboy like me
1978,10420,Alabama Shakes ,Gimme All Your Love
1979,10564,Louis Armstrong ,Winter Wonderland  Single Version
1980,3542,The Weeknd ,Angel
1981,6167,Logic ,Slave II
1982,8141,RM ,Yun
1983,908,Harry Styles ,Music For a Sushi Restaurant
1984,5391,Imagine Dragons ,Wrecked
1985,9363,Cordae ,JeanMichel
1986,7480,Don Toliver ,Double Standards
1987,5989,Megan Thee Stallion ,Do It On The Tip
1988,7975,Young Thug ,F Cancer (Boosie)
1989,9249,YoungBoy Never Broke Again ,Off Season
1990,6266,Logic ,Limitless
1991,1864,Taylor Swift ,Christmas Tree Farm
1992,1989,Drake ,No Long Talk
1993,6239,Twenty One Pilots ,Lane Boy
1994,1497,Young Stoner Life ,Ski
1995,6990,Bryan Adams ,Summer Of '69
1996,6217,Liam Payne ,All I Want (For Christmas)
1997,7353,blackbear ,alone in a room full of people
1998,9169,Katy Perry ,Pendulum
1999,3208,Jeremy Zucker ,you were good to me
2000,9702,Taylor Swift ,We Are Never Ever Getting Back Together
2001,4527,Rich The Kid ,Money Talk
2002,1279,King Von ,Took Her To The O
2003,4124,Rich The Kid ,Fall Threw
2004,1498,Sam Hunt ,Break Up In A Small Town
2005,4108,One Direction ,Temporary Fix
2006,8457,Cashmere Cat ,Adore
2007,929,GoldLink ,Crew
2008,398,Vance Joy ,Riptide
2009,3933,Tate McRae ,chaotic
2010,8898,Vince Guaraldi Trio ,Christmas Is Coming
2011,4155,blackbear ,@ my worst
2012,4059,347aidan ,Dancing in My Room
2013,9121,James Blake ,Coming Back
2014,5581,2 Chainz ,High Top Versace
2015,7560,Solange ,Don't Touch My Hair
2016,6277,Taylor Swift ,All Too Well (Sad Girl Autumn Version)  Recorded at Long Pond Studios
2017,6512,Pentatonix ,"O Come, All Ye Faithful"
2018,1147,Vince Guaraldi Trio ,Christmas Time Is Here  Vocal
2019,5662,Machine Gun Kelly ,Candy
2020,4599,Bhad Bhabie ,Gucci Flip Flops
2021,5320,Beyoncé ,6 Inch
2022,7907,Vince Staples ,LAW OF AVERAGES
2023,1146,Macklemore & Ryan Lewis ,Downtown
2024,5102,Nicki Minaj ,Chun Swae
2025,1614,Pentatonix ,"Mary, Did You Know?"
2026,4030,Kid Cudi ,The Void
2027,9864,Empire Cast ,Conqueror
2028,492,Olivia Rodrigo ,brutal
2029,8151,A Tribe Called Quest ,Mobius
2030,6887,Jonas Brothers ,Year 3000
2031,1649,Sebastian Yatra ,Dos Oruguitas
2032,10185,Nick Jonas ,Find You
2033,1157,Brent Faiyaz ,ALL MINE
2034,8333,Lorde ,Tennis Court
2035,4687,Demi Lovato ,Dancing With The Devil
2036,6421,Lady Gaga ,John Wayne
2037,377,Trippie Redd ,Miss The Rage
2038,5013,Tiësto ,Ritual
2039,10284,Thomas Rhett ,Smooth Like The Summer
2040,3079,Liam Payne ,Bedroom Floor
2041,1729,Juice WRLD ,Let Me Know (I Wonder Why Freestyle)
2042,4602,Morgan Wallen ,Me On Whiskey
2043,1977,Liam Payne ,For You (Fifty Shades Freed) (& Rita Ora)
2044,5783,Don Toliver ,5X
2045,9967,Halsey ,The Lighthouse
2046,10382,ZHU ,Dreams
2047,253,Major Lazer ,Lean On
2048,8432,Luke Combs ,Call Me
2049,9488,Rich Brian ,Introvert
2050,7395,Playboi Carti ,Foreign
2051,4334,Pentatonix ,Dance of the Sugar Plum Fairy
2052,5958,Childish Gambino ,Terrified
2053,323,Shawn Mendes ,Stitches
2054,7528,Kehlani ,Grieving
2055,6073,Kid Rock ,All Summer Long
2056,8019,Lovejoy ,Cause for Concern
2057,1046,Halsey ,New Americana
2058,3753,Leslie Odom Jr. ,Alexander Hamilton
2059,7688,Stray Kids ,CASE 143
2060,9404,Linkin Park ,Shadow Of The Day
2061,8040,Rich The Kid ,Go Up
2062,7130,Halsey ,Forever ... (is a long time)
2063,9747,Flyboy Tarantino ,Now or Never
2064,5311,Ariana Grande ,Greedy
2065,6458,Sia ,Satisfied
2066,10192,Gorillaz ,Feel Good Inc
2067,527,Selena Gomez ,Wolves
2068,3325,J. Cole ,Snow On Tha Bluff
2069,4716,XXXTENTACION ,Ex Bitch
2070,8221,Solange ,Way to the Show
2071,9385,Jonas Brothers ,Five More Minutes
2072,2649,Kendrick Lamar ,Purple Hearts
2073,7456,Sub Urban ,INFERNO
2074,5887,Lana Del Rey ,Cherry
2075,4122,DaBaby ,Bestie
2076,6551,Wiz Khalifa ,Elevated
2077,779,Post Malone ,Spoil My Night
2078,1411,NAV ,Some Way
2079,10073,Luke Bryan ,Way Way Back
2080,3528,Future ,Feed Me Dope
2081,2345,Wiz Khalifa ,Pull Up
2082,10472,Sylvan Esso ,Radio
2083,4179,Avicii ,Broken Arrows
2084,10093,The Beatles ,Penny Lane  Remastered 2009
2085,10463,Sia ,Move Your Body  Alan Walker Remix
2086,3644,Billie Eilish ,The 30th
2087,560,Sam Smith ,How Do You Sleep?
2088,3743,A Boogie Wit da Hoodie ,Bleed
2089,3402,Lil Tjay ,Hold On
2090,1643,Miguel ,Sure Thing
2091,8871,Kid Trunks ,Plottin
2092,7287,Trippie Redd ,Keep Your Head Up
2093,5914,Brantley Gilbert ,The Weekend
2094,9442,Freddie Gibbs ,4 Thangs
2095,6885,Brent Faiyaz ,SKIT: EGOMANIAC
2096,6941,YG ,SUU WHOOP
2097,5703,Jason Aldean ,Any Ol' Barstool
2098,5912,Kim Cesarion ,Undressed
2099,6473,Bruno Mars ,Just the Way You Are
2100,9928,Bee Gees ,Stayin Alive
2101,1015,Charlie Puth ,Left and Right (Feat. Jung Kook of BTS)
2102,9006,Zach Bryan ,Open the Gate
2103,8681,6LACK ,ATL Freestyle
2104,5673,SZA ,Tread Carefully
2105,6668,Summer Walker ,Something Real
2106,3828,Pop Smoke ,Tell The Vision
2107,9802,Bea Miller ,Young Blood
2108,10825,Jack White ,Lazaretto
2109,10250,NAV ,Both Sides
2110,9975,Taylor Swift ,Delicate  Recorded at The Tracking Room Nashville
2111,7477,A Tribe Called Quest ,Melatonin
2112,752,Thomas Rhett ,Unforgettable
2113,6074,Logic ,Street Dreams II
2114,7404,Juice WRLD ,Hurt Me
2115,4920,"Tyler, The Creator ",BLESSED
2116,795,Old Dominion ,One Man Band
2117,8052,The Notorious B.I.G. ,Juicy
2118,70,benny blanco ,Eastside
2119,10676,Wiz Khalifa ,Most of Us
2120,4052,Khalid ,Intro
2121,1563,Pentatonix ,Hallelujah
2122,6940,Trio Vegabajeño ,CANTARES DE NAVIDAD
2123,8924,G,Eazy  Bone Marrow
2124,3863,Lil Uzi Vert ,No Sleep Leak
2125,9866,Ellie Goulding ,Power
2126,6212,Niall Horan ,Black And White
2127,3519,Mike WiLL Made,It  Aries (YuGo)
2128,3333,Eminem ,Em Calls Paul  Skit
2129,3091,Ariana Grande ,obvious
2130,4603,Twenty One Pilots ,Smithereens
2131,9317,Russ ,NEED A MINUTE
2132,9584,blink,182  Heaven
2133,8070,Jason Aldean ,Drowns The Whiskey
2134,9772,T.I. ,Ring
2135,315,Lizzo ,About Damn Time
2136,10460,DeJ Loaf ,No Fear
2137,9409,blink,182  What's My Age Again?
2138,4922,Jay Rock ,WIN
2139,2845,Bad Bunny ,Agosto
2140,3758,Big Sean ,Play No Games
2141,5079,Meek Mill ,Splash Warning
2142,4150,Rich The Kid ,End Of Discussion
2143,309,Playboi Carti ,Magnolia
2144,5042,Dua Lipa ,Hallucinate
2145,1575,Stephanie Beatriz ,Waiting On A Miracle
2146,9429,Chelsea Cutler ,Calling All Angels
2147,2917,MEDUZA ,Lose Control
2148,9176,Justin Bieber ,Christmas Eve
2149,9930,Isaiah Rashad ,THIB
2150,2058,StaySolidRocky ,Party Girl (Remix)
2151,2241,Future ,Hard Work Pays Off
2152,8312,Lil Tecca ,All Star
2153,903,Rae Sremmurd ,This Could Be Us
2154,4704,Kacey Musgraves ,simple times
2155,5692,Taylor Swift ,The Other Side Of The Door (Taylor’s Version)
2156,10819,Sugar Ray ,Fly
2157,1429,21 Savage ,Immortal
2158,1924,Taylor Swift ,mirrorball
2159,8305,Ellie Goulding ,Worry About Me
2160,5962,Future ,Please Tell Me
2161,8282,XXXTENTACION ,What in XXXTarnation
2162,6486,Bing Crosby ,Frosty The Snowman
2163,6441,A$AP Rocky ,Pharsyde
2164,525,Drake ,Pop Style
2165,8847,PARTYNEXTDOOR ,NEVER AGAIN
2166,4482,Keith Urban ,The Fighter
2167,5456,Frank Ocean ,Provider
2168,8972,Dwayne Johnson ,You're Welcome
2169,1899,Camila Cabello ,OMG
2170,9522,TOOL ,Stinkfist
2171,5821,Summer Walker ,You Don’t Know Me
2172,6628,Mason Ramsey ,Before I Knew It
2173,5439,DJ Khaled ,LET'S PRAY
2174,4809,Chance the Rapper ,We Go High
2175,5660,Ariana Grande ,Winter Things
2176,5415,"Tyler, The Creator ",Foreword
2177,5755,Taylor Swift ,Superstar (Taylor’s Version)
2178,8939,Stunna 4 Vegas ,DO DAT
2179,183,"Tyler, The Creator ",EARFQUAKE
2180,4081,Liam Payne ,Naughty List
2181,4638,Meek Mill ,Respect The Game
2182,1264,Nebu Kiniza ,Gassed Up
2183,6016,21 Savage ,good day
2184,867,Selena Gomez ,Bad Liar
2185,5745,Migos ,Type Shit
2186,5775,Young Thug ,Cruise Ship
2187,10323,Foals ,What Went Down
2188,4212,Gucci Mane ,I'm Not Goin'
2189,1874,Sech ,Otro Trago
2190,7568,Lil Peep ,Hate Me
2191,443,Ellie Goulding ,Hate Me
2192,10842,B.B. King ,Woke Up This Morning (My Baby She Was Gone)
2193,10240,Blvckengineer ,How They Move
2194,3985,$uicideboy$ ,"My Swisher Sweet, But My Sig Sauer"
2195,2721,Chris Rea ,Driving Home for Christmas  2019 Remaster
2196,1737,Dynoro ,In My Mind
2197,3083,Big Sean ,Bezerk
2198,2560,SZA ,Open Arms
2199,396,THE ANXIETY ,Meet Me At Our Spot
2200,7680,Quality Control ,Too Hotty
2201,1186,Camila Cabello ,Liar
2202,6703,YG ,TOO COCKY
2203,1652,Stevie Wonder ,What Christmas Means To Me
2204,2567,carolesdaughter ,Violent
2205,6476,Taylor Swift ,Love Story
2206,5008,Journey ,Separate Ways (Worlds Apart)  Bryce Miller/Alloy Tracks Remix
2207,1511,NAV ,Up
2208,6230,Twenty One Pilots ,Mulberry Street
2209,3259,Ariana Grande ,Last Christmas
2210,563,Future ,Fine China
2211,456,Drake ,I'm Upset
2212,2595,My Chemical Romance ,Teenagers
2213,6920,Future ,Talk Shit Like a Preacher
2214,6509,Trippie Redd ,Vibes
2215,1128,Taylor Swift ,Cruel Summer
2216,2526,Adele ,My Little Love
2217,8146,Lil Peep ,The Brightside
2218,6040,BROCKHAMPTON ,BANKROLL
2219,3042,Jess Glynne ,Hold My Hand
2220,4838,Lil Peep ,Runaway
2221,5488,Panic! At The Disco ,I Write Sins Not Tragedies
2222,5329,Gucci Mane ,Kept Back
2223,5978,A$AP Rocky ,Lost and Found Freestyle 2019
2224,2680,Tove Lo ,Stay High  Habits Remix
2225,2301,Machine Gun Kelly ,bloody valentine
2226,7062,Ellie Goulding ,Lost And Found
2227,5388,Future ,Oxy
2228,10803,Eminem ,My Name Is
2229,2491,SZA ,Power is Power
2230,3045,5 Seconds of Summer ,Lie To Me
2231,7783,Logic ,Stainless
2232,2733,Morgan Wallen ,This Bar
2233,2365,Logic ,Contra
2234,4593,Mike WiLL Made,It  What That Speed Bout!?
2235,9610,Jonas Brothers ,Greenlight
2236,7007,Mac Miller ,"I Love Life, Thank You"
2237,311,JAY,Z  Ni**as In Paris
2238,4632,Mac Miller ,My Favorite Part
2239,8724,KYLE ,YES!
2240,1574,ACRAZE ,Do It To It
2241,10014,Silk City ,New Love
2242,7315,Logic ,Get Up
2243,5028,Summer Walker ,Ex For A Reason
2244,5062,Ed Sheeran ,Way To Break My Heart
2245,8122,D'Angelo ,Ain't That Easy
2246,4114,"Tyler, The Creator ",RISE!
2247,10928,Katy Perry ,Hot N Cold
2248,7233,Ski Mask The Slump God ,Dr. Suess
2249,6823,Luke Combs ,My Kinda Folk
2250,5603,A$AP Rocky ,Purity
2251,1987,Rihanna ,Lift Me Up
2252,8109,YBN Nahmir ,Baby 8
2253,9275,Mac Miller ,Polo Jeans
2254,9854,Megan Thee Stallion ,Outside
2255,5422,YoungBoy Never Broke Again ,On My Side
2256,4432,Shakira ,Hips Don't Lie
2257,2941,Tee Grizzley ,Jettski Grizzley
2258,7854,Key Glock ,Something Bout Me
2259,10271,Prxxy ,Blood Moon
2260,9876,PinkPantheress ,I must apologise
2261,6640,Bill Withers ,Ain't No Sunshine
2262,3520,Ariana Grande ,test drive
2263,10003,Florence + The Machine ,Big God
2264,3946,Lil Nas X ,AM I DREAMING
2265,7106,Sueco ,Loser
2266,6041,Justin Timberlake ,Morning Light
2267,8134,Vince Guaraldi Trio ,Christmas Time Is Here
2268,3521,Childish Gambino ,Sober
2269,7969,Dreamville ,PTSD
2270,5349,A$AP Rocky ,Holy Ghost
2271,6882,Imagine Dragons ,Polaroid
2272,6852,Yeat ,Big tonka
2273,9583,Mobb Deep ,"Shook Ones, Pt. II"
2274,9171,KJoke ,Yeah I Made It
2275,10493,Jane Zhang ,Dust My Shoulders Off
2276,1369,Dua Lipa ,Physical
2277,1885,J Balvin ,QUE PRETENDES
2278,9164,BROCKHAMPTON ,TONYA
2279,4823,Lady Gaga ,Free Woman
2280,889,Meghan Trainor ,Like I'm Gonna Lose You
2281,7241,Roddy Ricch ,all good
2282,7379,ILLENIUM ,Blame Myself
2283,9245,Tory Lanez ,Dope Boy's Diary
2284,899,The Kid LAROI ,SO DONE
2285,7771,Andrew Andraos ,Ave Maria
2286,816,Lil Yachty ,One Night
2287,10547,Stone Temple Pilots ,Plush
2288,860,Calvin Harris ,Rollin
2289,1536,Katy Perry ,Dark Horse
2290,6988,BTS ,Euphoria
2291,3570,"Tyler, The Creator ",SIR BAUDELAIRE
2292,5472,Bill Withers ,Lovely Day
2293,5254,DaBaby ,CHAMPION
2294,10561,Kings of Leon ,Muchacho
2295,3969,Drake ,"Two Birds, One Stone"
2296,7741,Maren Morris ,Circles Around This Town
2297,6766,Denzel Curry ,RICKY
2298,451,Taylor Swift ,You Need To Calm Down
2299,9606,Don Toliver ,BOGUS
2300,2077,Paramore ,Misery Business
2301,10823,Jarryd James ,Give Me Something
2302,928,Lil Wayne ,Uproar
2303,3006,Eric Church ,Like A Wrecking Ball
2304,4658,Kanye West ,Life Of The Party
2305,3576,Taylor Swift ,Begin Again (Taylor's Version)
2306,4525,Anitta ,Me Gusta
2307,5523,Future ,Ridin Strikers
2308,8344,David Guetta ,Let's Love
2309,10151,James Arthur ,Empty Space
2310,5463,Migos ,Vaccine
2311,4116,DaBaby ,OFF THE RIP
2312,2291,Juice WRLD ,In My Head
2313,10475,Kelly Clarkson ,My Favorite Things
2314,7823,Common ,Glory (From the Motion Picture Selma)
2315,9776,China Anne McClain ,Calling All the Monsters
2316,7930,Jake Owen ,Barefoot Blue Jean Night
2317,3160,Machine Gun Kelly ,Bad Things
2318,7312,The 1975 ,UGH!
2319,10541,ScHoolboy Q ,Kno Ya Wrong
2320,6549,$uicideboy$ ,Sorry for the Delay
2321,3297,Tayler Buono ,Technically Single
2322,9202,Lizzo ,Truth Hurts (DaBaby Remix)
2323,6097,Brett Eldredge ,A Holly Jolly Christmas
2324,5529,Joji ,High Hopes
2325,4133,The Weeknd ,Every Angel is Terrifying
2326,8911,Charli XCX ,New Shapes
2327,6714,Calvin Harris ,New To You
2328,3622,DJ Luian ,Verte Ir
2329,9390,Joyner Lucas ,Duck Duck Goose
2330,3456,Chance the Rapper ,Mixtape
2331,10282,Blake Shelton ,I'll Name the Dogs
2332,2209,Trippie Redd ,Holy Smokes
2333,9580,Joyner Lucas ,I Don't Die
2334,1094,Shawn Mendes ,Monster (Shawn Mendes & Justin Bieber)
2335,202,Bryson Tiller ,Exchange
2336,9079,Young Thug ,Best Friends
2337,504,Russ ,What They Want
2338,5607,6LACK ,Loaded Gun
2339,5497,Lil Tecca ,CHOPPA SHOOT THE LOUDEST
2340,8275,Dan + Shay ,Nothin' Like You
2341,6011,Colbie Caillat ,Try
2342,8270,Dantès ,So below
2343,3807,Metallica ,Enter Sandman
2344,7511,DJ Khaled ,BILLS PAID
2345,2397,Little Big Town ,Girl Crush
2346,9370,PARTYNEXTDOOR ,SAVAGE ANTHEM
2347,10590,Gucci Mane ,At Least a M
2348,1961,Little Mix ,Woman Like Me
2349,5410,Gunna ,World Is Yours (Lil Baby & Gunna)
2350,1396,Jack Harlow ,Dua Lipa
2351,4020,Harry Styles ,Canyon Moon
2352,7192,Miley Cyrus ,Cattitude
2353,3834,Mumford & Sons ,Snake Eyes
2354,2088,Big Sean ,One Man Can Change The World
2355,2488,PinkPantheress ,Just for me
2356,2810,Rihanna ,American Oxygen
2357,797,Justin Bieber ,Anyone
2358,707,Drake ,Legend
2359,793,Ellie Goulding ,On My Mind
2360,9760,Justin Timberlake ,The Hard Stuff
2361,3602,Sheff G ,On Go
2362,6179,YoungBoy Never Broke Again ,Drug Addiction
2363,6200,Justin Timberlake ,Midnight Summer Jam
2364,10311,Lil Wayne ,In This House
2365,6330,NAV ,Status
2366,6686,Lil Yachty ,Flex Up
2367,7872,Ariana Grande ,The Way
2368,10671,ScHoolboy Q ,Tookie Knows II
2369,7868,Gorillaz ,Charger
2370,3039,Logic ,Wassup
2371,2062,French Montana ,Lockjaw
2372,7002,Lovejoy ,Perfume
2373,4904,Russ ,Missin You Crazy
2374,8877,BROCKHAMPTON ,TAPE
2375,2348,Gunna ,COOLER THAN A BITCH
2376,2142,J Balvin ,Qué Más Pues?
2377,1835,KAROL G ,BICHOTA
2378,10301,Train ,Drops of Jupiter
2379,9974,Vince Staples ,SUNDOWN TOWN
2380,1580,Bad Bunny ,Dakiti
2381,5481,M.I.A. ,Paper Planes
2382,2685,Benson Boone ,GHOST TOWN
2383,6697,Future ,DOH DOH
2384,7748,6ix9ine ,93
2385,1552,Sam Hunt ,House Party
2386,5906,John Mayer ,XO
2387,9532,Agust D ,Honsool
2388,1786,Travis Scott ,FRANCHISE
2389,6824,Eminem ,Alfred’s Theme
2390,9403,One Direction ,One Thing
2391,9464,Linkin Park ,Lying From You
2392,263,Drake ,Way 2 Sexy
2393,3824,5 Seconds of Summer ,No Shame
2394,5259,Metro Boomin ,Blue Pill
2395,5145,The Neighbourhood ,You Get Me So High
2396,6845,Halsey ,Lilith
2397,2873,The Weeknd ,A Lonely Night
2398,8612,Gucci Mane ,Pop Music
2399,4562,Brett Young ,Mercy
2400,7039,Drake ,Can I
2401,4152,Logic ,Fade Away
2402,7645,The Clash ,Should I Stay or Should I Go  Remastered
2403,3546,Meek Mill ,Froze
2404,6409,Run–D.M.C. ,Christmas In Hollis
2405,4483,Lean Trap ,La Modelo
2406,7681,Snoop Dogg ,Gin N Juice
2407,7659,Coldplay ,Fix You
2408,8585,Future ,Love Thy Enemies
2409,6602,The Beatles ,Yesterday  Remastered
2410,4110,Lil Durk ,Petty Too
2411,3127,Logic ,Yuck
2412,8252,Summer Walker ,Let It Go
2413,1438,DJ ESCO ,Too Much Sauce
2414,8283,Jonas Brothers ,Lovebug
2415,8851,Don Toliver ,Smoke
2416,5934,YoungBoy Never Broke Again ,Bring The Hook
2417,6853,Pop Smoke ,Top Shotta
2418,3245,Tiësto ,Don't Be Shy
2419,5688,Tame Impala ,Is It True
2420,2222,Future ,Solo
2421,7063,Future ,Lil One
2422,2850,Yung Lean ,Ginseng Strip 2002
2423,6244,Rick Ross ,Running the Streets
2424,6201,Nicki Minaj ,Itty Bitty Piggy
2425,6917,The Beach Boys ,We Three Kings Of Orient Are  1991 Remix
2426,6092,Mac Miller ,Dunno
2427,8907,Miley Cyrus ,I Would Die For You
2428,9247,Rod Wave ,Quiet Storm
2429,7523,Pentatonix ,I'll Be Home For Christmas
2430,9236,BTS ,Serendipity (Full Length Edition)
2431,6037,Logic ,Wannabe
2432,6978,Jay Rock ,Tap Out
2433,10372,Friyie ,Money Team
2434,27,XXXTENTACION ,Moonlight
2435,5302,Aly & AJ ,Potential Breakup Song
2436,5741,Jidenna ,Classic Man  Remix
2437,3536,Sia ,Santa's Coming For Us
2438,5059,Anuel AA ,Keii
2439,9045,Russ ,Paranoid
2440,4491,Lil Nas X ,VOID
2441,6440,Lil Yachty ,COUNT ME IN
2442,1833,Zedd ,I Want You To Know
2443,8125,The Game ,Ryda
2444,823,Cheat Codes ,No Promises
2445,9551,Lil Yachty ,WHOLE lotta GUAP
2446,5309,Alvin & The Chipmunks ,The Chipmunk Song (Christmas Don't Be Late)  Remastered 1999
2447,3104,Rita Ora ,Anywhere
2448,4021,Travis Scott ,SICKO MODE  Skrillex Remix
2449,2984,Kiesza ,Hideaway
2450,8642,Rae Sremmurd ,Touchscreen Navigation
2451,5890,Pop Smoke ,Brush Em
2452,376,Morgan Wallen ,Sand In My Boots
2453,8994,The Lumineers ,ROLLERCOASTER
2454,5429,Camila Cabello ,Into It
2455,5963,NAV ,Freshman List
2456,10212,DJ Diddy ,Monopoly
2457,3612,Bing Crosby ,What Child Is This?/The Holly And The Ivy
2458,9267,Nipsey Hussle ,Rap Niggas
2459,2218,A R I Z O N A ,Oceans Away
2460,6985,Machine Gun Kelly ,mainstream sellout
2461,5494,BLACKPINK ,Crazy Over You
2462,8714,Kid Cudi ,New Mode
2463,6083,Kygo ,Forever Yours  Avicii Tribute
2464,2618,Old Dominion ,No Such Thing as a Broken Heart
2465,9441,Bring Me The Horizon ,Throne
2466,6535,Melanie Martinez ,The Principal
2467,8088,Audioslave ,Show Me How to Live
2468,587,Luke Combs ,Hurricane
2469,5265,Machine Gun Kelly ,nothing inside
2470,1598,J. Cole ,A Tale of 2 Citiez
2471,7266,Kenny Rogers ,The Gambler
2472,4617,J. Cole ,High For Hours
2473,67,Drake ,Nice For What
2474,10923,Gavin DeGraw ,Not Over You
2475,3423,Russell Dickerson ,She Likes It
2476,8648,88rising ,Peach Jam
2477,6863,Baka Not Nice ,Live Up to My Name
2478,6117,Kehlani ,Distraction
2479,9022,Gunna ,On A Mountain
2480,5056,Dream ,Roadtrip
2481,8022,Anuel AA ,El Problema
2482,6064,Future ,Touch The Sky
2483,9842,Chris Stapleton ,Devil Always Made Me Think Twice
2484,8868,Pi’erre Bourne ,Sossboy 2
2485,9669,Dan + Shay ,Keeping Score
2486,9821,TOOL ,The Pot
2487,6663,Maroon 5 ,Lost
2488,3233,6ix9ine ,RONDO
2489,9037,Alessia Cara ,Trust My Lonely
2490,4918,Nicki Minaj ,Majesty
2491,6403,Ski Mask The Slump God ,So High
2492,3724,Anuel AA ,Ella Quiere Beber  Remix
2493,6492,NF ,Returns
2494,2554,Hugh Jackman ,The Other Side
2495,6012,YoungBoy Never Broke Again ,Vette Motors
2496,951,Topic ,Breaking Me
2497,4273,OneRepublic ,Wanted
2498,9345,Eslabon Armado ,Con Tus Besos
2499,7732,Lauv ,Love Somebody
